{"stats":{"minecraft:picked_up":{"minecraft:dark_oak_sapling":4,"minecraft:stick":2,"minecraft:torch":1,"minecraft:dark_oak_log":83,"minecraft:cornflower":6,"minecraft:dirt":21,"minecraft:rotten_flesh":2,"minecraft:apple":1,"minecraft:wheat_seeds":5,"minecraft:iron_ingot":8,"minecraft:coal":20},"minecraft:mined":{"minecraft:dark_oak_leaves":3,"minecraft:dark_oak_log":73,"minecraft:powder_snow":10,"minecraft:grass":1,"minecraft:coal_ore":20,"minecraft:grass_block":2,"minecraft:dirt":5,"minecraft:spruce_leaves":1},"minecraft:killed":{"minecraft:zombie":1},"minecraft:used":{"minecraft:apple":1,"minecraft:iron_axe":77,"minecraft:iron_pickaxe":20,"minecraft:rotten_flesh":2,"minecraft:torch":1,"minecraft:dirt":4},"minecraft:custom":{"minecraft:time_since_rest":11749,"minecraft:interact_with_furnace":3,"minecraft:sprint_one_cm":20454,"minecraft:damage_taken":513,"minecraft:walk_one_cm":59209,"minecraft:mob_kills":1,"minecraft:damage_dealt":207,"minecraft:interact_with_crafting_table":3,"minecraft:fly_one_cm":9634,"minecraft:open_chest":1,"minecraft:crouch_one_cm":1524,"minecraft:play_time":13628,"minecraft:deaths":1,"minecraft:walk_under_water_one_cm":1578,"minecraft:sneak_time":754,"minecraft:jump":237,"minecraft:time_since_death":11710,"minecraft:walk_on_water_one_cm":2196,"minecraft:total_world_time":13628,"minecraft:fall_one_cm":9242},"minecraft:crafted":{"minecraft:shield":1,"minecraft:iron_axe":1,"minecraft:stick":4,"minecraft:iron_pickaxe":1,"minecraft:dark_oak_planks":56}},"DataVersion":3120}