{"stats":{"minecraft:dropped":{"minecraft:cooked_porkchop":2},"minecraft:picked_up":{"minecraft:dark_oak_sapling":4,"minecraft:stick":2,"minecraft:crafting_table":1,"minecraft:cooked_beef":2,"minecraft:torch":1,"minecraft:porkchop":12,"minecraft:dirt":36,"minecraft:dark_oak_log":83,"minecraft:cornflower":6,"minecraft:rotten_flesh":4,"minecraft:apple":1,"minecraft:wheat_seeds":5,"minecraft:iron_ingot":8,"minecraft:coal":82,"minecraft:cobblestone":14,"minecraft:furnace":1},"minecraft:mined":{"minecraft:dark_oak_planks":1,"minecraft:furnace":1,"minecraft:dark_oak_leaves":3,"minecraft:dark_oak_log":73,"minecraft:powder_snow":10,"minecraft:crafting_table":1,"minecraft:grass":3,"minecraft:grass_block":2,"minecraft:coal_ore":64,"minecraft:dirt":5,"minecraft:spruce_leaves":1,"minecraft:stone":14},"minecraft:killed":{"minecraft:zombie":2,"minecraft:pig":4},"minecraft:used":{"minecraft:dark_oak_planks":9,"minecraft:apple":1,"minecraft:iron_axe":90,"minecraft:iron_pickaxe":79,"minecraft:rotten_flesh":2,"minecraft:torch":1,"minecraft:dirt":4,"minecraft:crafting_table":1,"minecraft:furnace":1,"minecraft:cooked_porkchop":4},"minecraft:custom":{"minecraft:time_since_rest":23242,"minecraft:interact_with_furnace":9,"minecraft:sprint_one_cm":38643,"minecraft:damage_taken":743,"minecraft:walk_one_cm":88472,"minecraft:mob_kills":7,"minecraft:drop":2,"minecraft:damage_dealt":1026,"minecraft:interact_with_crafting_table":4,"minecraft:fly_one_cm":22943,"minecraft:open_chest":1,"minecraft:crouch_one_cm":1524,"minecraft:play_time":25121,"minecraft:deaths":1,"minecraft:sneak_time":767,"minecraft:walk_under_water_one_cm":1578,"minecraft:jump":466,"minecraft:leave_game":1,"minecraft:time_since_death":23203,"minecraft:walk_on_water_one_cm":2196,"minecraft:total_world_time":25121,"minecraft:fall_one_cm":14029},"minecraft:crafted":{"minecraft:cooked_porkchop":9,"minecraft:shield":1,"minecraft:iron_axe":1,"minecraft:crafting_table":1,"minecraft:stick":4,"minecraft:iron_pickaxe":1,"minecraft:furnace":1,"minecraft:dark_oak_planks":56,"minecraft:air":0}},"DataVersion":3120}