{"stats":{"minecraft:dropped":{"minecraft:cooked_porkchop":2,"minecraft:iron_axe":1},"minecraft:picked_up":{"minecraft:birch_log":2,"minecraft:dark_oak_sapling":4,"minecraft:stick":4,"minecraft:crafting_table":1,"minecraft:cooked_beef":2,"minecraft:dark_oak_boat":2,"minecraft:torch":1,"minecraft:porkchop":12,"minecraft:dirt":36,"minecraft:dark_oak_log":83,"minecraft:cornflower":6,"minecraft:dark_oak_planks":1,"minecraft:cooked_mutton":1,"minecraft:rotten_flesh":4,"minecraft:apple":1,"minecraft:wheat_seeds":5,"minecraft:iron_ingot":8,"minecraft:sugar_cane":8,"minecraft:black_wool":1,"minecraft:mutton":2,"minecraft:coal":127,"minecraft:white_wool":2,"minecraft:cobblestone":20,"minecraft:furnace":1},"minecraft:mined":{"minecraft:dark_oak_planks":1,"minecraft:furnace":1,"minecraft:dark_oak_leaves":3,"minecraft:birch_log":2,"minecraft:dark_oak_log":73,"minecraft:powder_snow":10,"minecraft:crafting_table":1,"minecraft:grass":3,"minecraft:grass_block":2,"minecraft:coal_ore":112,"minecraft:dirt":5,"minecraft:spruce_leaves":1,"minecraft:stone":22,"minecraft:sugar_cane":3},"minecraft:killed":{"minecraft:sheep":3,"minecraft:zombie":3,"minecraft:pig":4},"minecraft:used":{"minecraft:cooked_mutton":1,"minecraft:dark_oak_planks":9,"minecraft:apple":1,"minecraft:iron_axe":97,"minecraft:iron_pickaxe":135,"minecraft:rotten_flesh":2,"minecraft:torch":1,"minecraft:dirt":4,"minecraft:dark_oak_boat":1,"minecraft:crafting_table":1,"minecraft:furnace":1,"minecraft:cooked_porkchop":7},"minecraft:custom":{"minecraft:time_since_rest":35242,"minecraft:interact_with_furnace":10,"minecraft:sprint_one_cm":68629,"minecraft:damage_taken":978,"minecraft:walk_one_cm":121036,"minecraft:mob_kills":11,"minecraft:drop":3,"minecraft:damage_dealt":1561,"minecraft:interact_with_crafting_table":4,"minecraft:fly_one_cm":54861,"minecraft:open_chest":1,"minecraft:crouch_one_cm":1758,"minecraft:play_time":37121,"minecraft:deaths":1,"minecraft:sneak_time":845,"minecraft:walk_under_water_one_cm":1578,"minecraft:boat_one_cm":137193,"minecraft:jump":705,"minecraft:leave_game":1,"minecraft:time_since_death":35203,"minecraft:walk_on_water_one_cm":2990,"minecraft:total_world_time":37121,"minecraft:fall_one_cm":22806},"minecraft:crafted":{"minecraft:cooked_porkchop":9,"minecraft:shield":1,"minecraft:iron_axe":1,"minecraft:crafting_table":1,"minecraft:stick":4,"minecraft:iron_pickaxe":1,"minecraft:furnace":1,"minecraft:dark_oak_planks":56,"minecraft:air":0}},"DataVersion":3120}