{"stats":{"minecraft:dropped":{"minecraft:wheat_seeds":6,"minecraft:cooked_porkchop":2,"minecraft:dirt":2,"minecraft:dark_oak_log":69,"minecraft:iron_axe":1,"minecraft:orange_bed":1,"minecraft:string":2,"minecraft:bucket":1,"minecraft:bone":2,"minecraft:white_bed":5,"minecraft:filled_map":1,"minecraft:gunpowder":1,"minecraft:spider_eye":1},"minecraft:picked_up":{"minecraft:crafting_table":10,"minecraft:chicken":2,"minecraft:shield":4,"minecraft:cornflower":24,"minecraft:string":12,"minecraft:iron_axe":3,"minecraft:acacia_door":2,"minecraft:bucket":3,"minecraft:beef":21,"minecraft:poppy":16,"minecraft:iron_pickaxe":5,"minecraft:sugar_cane":30,"minecraft:chest":8,"minecraft:furnace":8,"minecraft:egg":9,"minecraft:dark_oak_sapling":83,"minecraft:stick":486,"minecraft:raw_iron":8,"minecraft:acacia_fence":52,"minecraft:torch":25,"minecraft:acacia_log":205,"minecraft:porkchop":16,"minecraft:diorite":2,"minecraft:carrot":1,"minecraft:dark_oak_planks":63,"minecraft:orange_bed":8,"minecraft:arrow":21,"minecraft:rotten_flesh":176,"minecraft:stone_shovel":6,"minecraft:peony":1,"minecraft:yellow_terracotta":154,"minecraft:saddle":1,"minecraft:mutton":94,"minecraft:white_wool":53,"minecraft:cobblestone":468,"minecraft:birch_log":31,"minecraft:cooked_beef":2,"minecraft:water_bucket":2,"minecraft:brown_wool":3,"minecraft:leather":2,"minecraft:dark_oak_boat":3,"minecraft:acacia_wood":20,"minecraft:filled_map":3,"minecraft:birch_planks":32,"minecraft:flint":7,"minecraft:acacia_boat":1,"minecraft:gunpowder":4,"minecraft:dirt":892,"minecraft:cooked_mutton":70,"minecraft:bone":45,"minecraft:acacia_planks":402,"minecraft:apple":8,"minecraft:bow":2,"minecraft:wheat_seeds":150,"minecraft:iron_ingot":91,"minecraft:stone_pickaxe":15,"minecraft:fletching_table":2,"minecraft:bamboo":26,"minecraft:acacia_sapling":10,"minecraft:iron_sword":10,"minecraft:gravel":140,"minecraft:sand":95,"minecraft:spruce_sapling":5,"minecraft:white_bed":8,"minecraft:spruce_log":57,"minecraft:acacia_stairs":19,"minecraft:dark_oak_log":806,"minecraft:spider_eye":5,"minecraft:stone_axe":10,"minecraft:diamond_axe":1,"minecraft:emerald":57,"minecraft:bread":276,"minecraft:melon_seeds":95,"minecraft:oak_sapling":6,"minecraft:acacia_slab":517,"minecraft:black_wool":3,"minecraft:coal":736,"minecraft:diamond_pickaxe":1},"minecraft:mined":{"minecraft:dark_oak_planks":1,"minecraft:yellow_terracotta":19,"minecraft:white_bed":8,"minecraft:oak_sapling":1,"minecraft:dark_oak_leaves":8,"minecraft:jungle_leaves":3,"minecraft:dark_oak_log":414,"minecraft:acacia_log":99,"minecraft:grass_block":165,"minecraft:spruce_leaves":24,"minecraft:acacia_slab":10,"minecraft:hopper":1,"minecraft:furnace":2,"minecraft:iron_ore":4,"minecraft:fire":25,"minecraft:acacia_wood":10,"minecraft:acacia_stairs":14,"minecraft:fletching_table":2,"minecraft:peony":1,"minecraft:dirt_path":4,"minecraft:bamboo":1,"minecraft:stone":172,"minecraft:white_wool":1,"minecraft:tripwire":3,"minecraft:orange_bed":8,"minecraft:acacia_leaves":10,"minecraft:glass_pane":2,"minecraft:powder_snow":10,"minecraft:crafting_table":4,"minecraft:torch":10,"minecraft:tall_grass":15,"minecraft:cobblestone":67,"minecraft:sugar_cane":4,"minecraft:diorite":2,"minecraft:wall_torch":1,"minecraft:birch_log":3,"minecraft:spruce_log":57,"minecraft:birch_leaves":4,"minecraft:grass":109,"minecraft:coal_ore":134,"minecraft:acacia_door":1,"minecraft:dark_oak_sapling":1,"minecraft:acacia_fence":10,"minecraft:gravel":53,"minecraft:sand":18,"minecraft:dirt":75,"minecraft:acacia_planks":21,"minecraft:oak_leaves":11},"minecraft:killed":{"minecraft:spider":5,"minecraft:skeleton":10,"minecraft:chicken":1,"minecraft:pig":6,"minecraft:zombie_villager":1,"minecraft:iron_golem":10,"minecraft:creeper":2,"minecraft:sheep":30,"minecraft:zombie":22,"minecraft:cow":3},"minecraft:used":{"minecraft:peony":1,"minecraft:acacia_log":6,"minecraft:stone_shovel":611,"minecraft:chest":4,"minecraft:shield":31,"minecraft:iron_sword":3,"minecraft:cooked_chicken":1,"minecraft:rotten_flesh":4,"minecraft:orange_bed":7,"minecraft:torch":14,"minecraft:dirt":64,"minecraft:hopper":10,"minecraft:dark_oak_planks":9,"minecraft:iron_axe":267,"minecraft:acacia_slab":66,"minecraft:dark_oak_boat":3,"minecraft:cooked_cod":6,"minecraft:oak_sapling":1,"minecraft:furnace":3,"minecraft:cooked_beef":4,"minecraft:acacia_planks":80,"minecraft:dark_oak_sapling":25,"minecraft:cooked_mutton":43,"minecraft:acacia_boat":1,"minecraft:water_bucket":38,"minecraft:stone_pickaxe":162,"minecraft:diamond_axe":218,"minecraft:fletching_table":3,"minecraft:white_wool":2,"minecraft:sand":6,"minecraft:yellow_terracotta":1,"minecraft:crafting_table":6,"minecraft:white_bed":12,"minecraft:campfire":9,"minecraft:diamond_pickaxe":12,"minecraft:apple":1,"minecraft:dark_oak_log":7,"minecraft:bread":22,"minecraft:string":3,"minecraft:iron_pickaxe":251,"minecraft:spruce_sapling":4,"minecraft:gravel":64,"minecraft:acacia_fence_gate":9,"minecraft:stone_axe":471,"minecraft:cobblestone":75,"minecraft:cooked_porkchop":7,"minecraft:smithing_table":1,"minecraft:bucket":38,"minecraft:birch_log":1},"minecraft:killed_by":{"minecraft:wolf":1,"minecraft:creeper":2,"minecraft:iron_golem":7,"minecraft:skeleton":1,"minecraft:zombie":4},"minecraft:custom":{"minecraft:mob_kills":92,"minecraft:inspect_hopper":1,"minecraft:interact_with_crafting_table":59,"minecraft:open_barrel":2,"minecraft:leave_game":4,"minecraft:time_since_death":6719,"minecraft:sprint_one_cm":884496,"minecraft:walk_one_cm":665172,"minecraft:damage_blocked_by_shield":1300,"minecraft:drop":26,"minecraft:talked_to_villager":32,"minecraft:play_time":250253,"minecraft:sneak_time":4935,"minecraft:deaths":16,"minecraft:walk_under_water_one_cm":6008,"minecraft:boat_one_cm":238855,"minecraft:jump":4877,"minecraft:walk_on_water_one_cm":55300,"minecraft:total_world_time":250253,"minecraft:interact_with_furnace":40,"minecraft:traded_with_villager":129,"minecraft:sleep_in_bed":8,"minecraft:time_since_rest":6744,"minecraft:damage_taken":9301,"minecraft:damage_dealt":20918,"minecraft:swim_one_cm":40267,"minecraft:fly_one_cm":854932,"minecraft:open_chest":59,"minecraft:crouch_one_cm":11697,"minecraft:interact_with_smoker":8,"minecraft:fall_one_cm":140671},"minecraft:crafted":{"minecraft:stone_shovel":5,"minecraft:dark_oak_boat":1,"minecraft:cooked_chicken":1,"minecraft:furnace":3,"minecraft:acacia_fence_gate":9,"minecraft:cooked_mutton":50,"minecraft:hopper":9,"minecraft:iron_axe":2,"minecraft:stone_pickaxe":14,"minecraft:chest":15,"minecraft:dark_oak_planks":1500,"minecraft:cooked_beef":2,"minecraft:emerald":114,"minecraft:cooked_porkchop":9,"minecraft:diamond_axe":1,"minecraft:crafting_table":3,"minecraft:spruce_planks":228,"minecraft:acacia_slab":126,"minecraft:smithing_table":1,"minecraft:fletching_table":1,"minecraft:campfire":9,"minecraft:bucket":2,"minecraft:birch_planks":12,"minecraft:stone_axe":4,"minecraft:acacia_boat":1,"minecraft:air":0,"minecraft:diamond_pickaxe":1,"minecraft:shield":2,"minecraft:stick":3364,"minecraft:iron_pickaxe":1,"minecraft:white_bed":9,"minecraft:acacia_planks":276,"minecraft:torch":4},"minecraft:broken":{"minecraft:stone_pickaxe":1,"minecraft:stone_axe":4,"minecraft:iron_sword":1,"minecraft:iron_pickaxe":1,"minecraft:stone_shovel":3}},"DataVersion":3120}