{"stats":{"minecraft:dropped":{"minecraft:cooked_porkchop":2,"minecraft:iron_axe":1},"minecraft:picked_up":{"minecraft:birch_log":3,"minecraft:crafting_table":1,"minecraft:cooked_beef":2,"minecraft:dark_oak_boat":2,"minecraft:cornflower":6,"minecraft:dirt":36,"minecraft:cooked_mutton":1,"minecraft:bone":1,"minecraft:apple":1,"minecraft:wheat_seeds":5,"minecraft:iron_ingot":8,"minecraft:sugar_cane":10,"minecraft:furnace":1,"minecraft:dark_oak_sapling":4,"minecraft:stick":4,"minecraft:torch":1,"minecraft:porkchop":12,"minecraft:white_bed":1,"minecraft:dark_oak_log":83,"minecraft:dark_oak_planks":1,"minecraft:rotten_flesh":6,"minecraft:black_wool":1,"minecraft:mutton":5,"minecraft:coal":127,"minecraft:white_wool":5,"minecraft:cobblestone":20},"minecraft:mined":{"minecraft:dark_oak_planks":1,"minecraft:white_bed":1,"minecraft:dark_oak_leaves":3,"minecraft:dark_oak_log":73,"minecraft:powder_snow":10,"minecraft:crafting_table":1,"minecraft:grass_block":2,"minecraft:spruce_leaves":1,"minecraft:sugar_cane":4,"minecraft:furnace":1,"minecraft:birch_log":2,"minecraft:fire":22,"minecraft:birch_leaves":3,"minecraft:grass":7,"minecraft:coal_ore":112,"minecraft:dirt":5,"minecraft:stone":22,"minecraft:white_wool":1},"minecraft:killed":{"minecraft:pig":4,"minecraft:sheep":5,"minecraft:skeleton":1,"minecraft:zombie":4},"minecraft:used":{"minecraft:cooked_mutton":3,"minecraft:rotten_flesh":2,"minecraft:white_wool":2,"minecraft:torch":1,"minecraft:dirt":4,"minecraft:crafting_table":2,"minecraft:white_bed":2,"minecraft:dark_oak_planks":9,"minecraft:apple":1,"minecraft:iron_axe":97,"minecraft:iron_pickaxe":135,"minecraft:stone_axe":6,"minecraft:dark_oak_boat":1,"minecraft:furnace":1,"minecraft:cooked_porkchop":7},"minecraft:custom":{"minecraft:interact_with_furnace":17,"minecraft:mob_kills":15,"minecraft:interact_with_crafting_table":10,"minecraft:leave_game":2,"minecraft:time_since_death":41053,"minecraft:sleep_in_bed":1,"minecraft:time_since_rest":1502,"minecraft:sprint_one_cm":97868,"minecraft:damage_taken":1138,"minecraft:walk_one_cm":142941,"minecraft:drop":3,"minecraft:damage_dealt":2130,"minecraft:fly_one_cm":69602,"minecraft:open_chest":1,"minecraft:crouch_one_cm":1768,"minecraft:play_time":42971,"minecraft:deaths":1,"minecraft:sneak_time":872,"minecraft:walk_under_water_one_cm":1578,"minecraft:boat_one_cm":137193,"minecraft:jump":811,"minecraft:walk_on_water_one_cm":6262,"minecraft:total_world_time":42971,"minecraft:fall_one_cm":24596},"minecraft:crafted":{"minecraft:cooked_porkchop":9,"minecraft:crafting_table":1,"minecraft:furnace":1,"minecraft:stone_axe":1,"minecraft:cooked_mutton":2,"minecraft:air":0,"minecraft:shield":1,"minecraft:iron_axe":1,"minecraft:stick":4,"minecraft:iron_pickaxe":1,"minecraft:stone_pickaxe":1,"minecraft:white_bed":1,"minecraft:dark_oak_planks":56}},"DataVersion":3120}