{"stats":{"minecraft:dropped":{"minecraft:wooden_axe":2},"minecraft:picked_up":{"minecraft:wooden_axe":2,"minecraft:crafting_table":1,"minecraft:red_mushroom":1,"minecraft:dark_oak_log":11,"minecraft:dirt":1,"minecraft:rotten_flesh":2,"minecraft:moss_block":1,"minecraft:coal":43,"minecraft:cobblestone":6},"minecraft:mined":{"minecraft:dark_oak_leaves":2,"minecraft:dark_oak_log":11,"minecraft:powder_snow":4,"minecraft:crafting_table":1,"minecraft:coal_ore":43,"minecraft:grass_block":1,"minecraft:mushroom_stem":12,"minecraft:brown_mushroom_block":7,"minecraft:red_mushroom_block":9,"minecraft:stone":6,"minecraft:moss_block":1},"minecraft:killed":{"minecraft:zombie":1},"minecraft:used":{"minecraft:moss_block":1,"minecraft:wooden_axe":30,"minecraft:stone_pickaxe":20,"minecraft:wooden_pickaxe":33,"minecraft:rotten_flesh":2,"minecraft:torch":6,"minecraft:dirt":1,"minecraft:crafting_table":2},"minecraft:custom":{"minecraft:time_since_rest":23754,"minecraft:sprint_one_cm":4648,"minecraft:interact_with_furnace":1,"minecraft:damage_taken":230,"minecraft:walk_one_cm":61004,"minecraft:mob_kills":2,"minecraft:drop":2,"minecraft:damage_dealt":185,"minecraft:interact_with_crafting_table":8,"minecraft:fly_one_cm":3744,"minecraft:open_chest":4,"minecraft:play_time":23754,"minecraft:sneak_time":11,"minecraft:jump":218,"minecraft:time_since_death":23754,"minecraft:walk_on_water_one_cm":1556,"minecraft:total_world_time":23754,"minecraft:fall_one_cm":4474},"minecraft:crafted":{"minecraft:crafting_table":1,"minecraft:stick":72,"minecraft:stone_pickaxe":1,"minecraft:wooden_axe":1,"minecraft:dark_oak_planks":44,"minecraft:torch":92,"minecraft:stone_axe":1},"minecraft:broken":{"minecraft:wooden_pickaxe":2}},"DataVersion":3120}