{"stats":{"minecraft:picked_up":{"minecraft:rotten_flesh":2,"minecraft:red_mushroom":1,"minecraft:coal":13,"minecraft:dark_oak_log":11,"minecraft:dirt":1},"minecraft:mined":{"minecraft:grass_block":1,"minecraft:coal_ore":14,"minecraft:dark_oak_leaves":2,"minecraft:mushroom_stem":2,"minecraft:red_mushroom_block":4,"minecraft:dark_oak_log":11,"minecraft:powder_snow":4},"minecraft:killed":{"minecraft:zombie":1},"minecraft:used":{"minecraft:rotten_flesh":2,"minecraft:torch":1,"minecraft:wooden_axe":7,"minecraft:dirt":1,"minecraft:wooden_pickaxe":18},"minecraft:custom":{"minecraft:time_since_rest":11754,"minecraft:open_chest":4,"minecraft:play_time":11754,"minecraft:interact_with_furnace":1,"minecraft:sprint_one_cm":1448,"minecraft:damage_taken":230,"minecraft:walk_one_cm":33827,"minecraft:sneak_time":11,"minecraft:mob_kills":2,"minecraft:jump":122,"minecraft:damage_dealt":185,"minecraft:walk_on_water_one_cm":220,"minecraft:time_since_death":11754,"minecraft:total_world_time":11754,"minecraft:interact_with_crafting_table":3,"minecraft:fall_one_cm":1819,"minecraft:fly_one_cm":1735},"minecraft:crafted":{"minecraft:dark_oak_planks":20,"minecraft:torch":8,"minecraft:stick":4,"minecraft:wooden_axe":1},"minecraft:broken":{"minecraft:wooden_pickaxe":1}},"DataVersion":3120}