{"stats":{"minecraft:killed":{"minecraft:spider":1,"minecraft:skeleton":6,"minecraft:pig":5,"minecraft:iron_golem":2,"minecraft:creeper":1,"minecraft:sheep":9,"minecraft:zombie":8,"minecraft:cow":10},"minecraft:mined":{"minecraft:dark_oak_planks":10,"minecraft:spruce_planks":24,"minecraft:farmland":1,"minecraft:dark_oak_leaves":15,"minecraft:dark_oak_log":340,"minecraft:grass_block":3,"minecraft:spruce_leaves":7,"minecraft:acacia_slab":2,"minecraft:tall_seagrass":2,"minecraft:spruce_sapling":2,"minecraft:furnace":2,"minecraft:carrots":20,"minecraft:iron_ore":22,"minecraft:fletching_table":3,"minecraft:vine":1,"minecraft:cobblestone_slab":2,"minecraft:dirt_path":2,"minecraft:stone":44,"minecraft:spruce_slab":4,"minecraft:smoker":1,"minecraft:powder_snow":20,"minecraft:crafting_table":4,"minecraft:tall_grass":4,"minecraft:cobblestone":20,"minecraft:sugar_cane":7,"minecraft:dark_oak_slab":2,"minecraft:spruce_log":213,"minecraft:grass":65,"minecraft:coal_ore":3,"minecraft:cocoa":5,"minecraft:dark_oak_sapling":5,"minecraft:acacia_door":1,"minecraft:dirt":27,"minecraft:acacia_planks":1,"minecraft:red_mushroom_block":4,"minecraft:oak_leaves":6,"minecraft:fern":3},"minecraft:crafted":{"minecraft:cobblestone_slab":6,"minecraft:furnace":2,"minecraft:bone_meal":45,"minecraft:diamond_helmet":1,"minecraft:diamond_leggings":1,"minecraft:iron_boots":1,"minecraft:iron_axe":2,"minecraft:spruce_slab":378,"minecraft:stone_pickaxe":1,"minecraft:diamond_boots":1,"minecraft:spruce_boat":2,"minecraft:dark_oak_planks":1252,"minecraft:stone_hoe":1,"minecraft:cooked_beef":21,"minecraft:emerald":108,"minecraft:cooked_porkchop":3,"minecraft:crafting_table":2,"minecraft:spruce_planks":804,"minecraft:wooden_pickaxe":1,"minecraft:iron_helmet":1,"minecraft:bucket":1,"minecraft:stone_axe":1,"minecraft:air":0,"minecraft:spruce_trapdoor":6,"minecraft:dark_oak_slab":6,"minecraft:iron_chestplate":1,"minecraft:shield":1,"minecraft:stick":3348,"minecraft:iron_ingot":27,"minecraft:iron_leggings":1,"minecraft:diamond_chestplate":1},"minecraft:broken":{"minecraft:iron_axe":1,"minecraft:stone_axe":3},"minecraft:dropped":{"minecraft:wheat_seeds":15,"minecraft:cooked_porkchop":7,"minecraft:oak_fence":2,"minecraft:yellow_terracotta":1,"minecraft:cornflower":1,"minecraft:brown_wool":1,"minecraft:snowball":124,"minecraft:iron_axe":1,"minecraft:sand":1,"minecraft:iron_nugget":6,"minecraft:rotten_flesh":9,"minecraft:carrot":49,"minecraft:bamboo":2,"minecraft:sandstone":2,"minecraft:bow":2,"minecraft:arrow":2},"minecraft:used":{"minecraft:stone_sword":31,"minecraft:tropical_fish":1,"minecraft:spruce_slab":286,"minecraft:stone_shovel":3,"minecraft:spruce_planks":50,"minecraft:shield":35,"minecraft:stone_hoe":2,"minecraft:iron_chestplate":2,"minecraft:dirt":43,"minecraft:carrot":21,"minecraft:milk_bucket":2,"minecraft:dark_oak_planks":10,"minecraft:spruce_boat":1,"minecraft:iron_axe":357,"minecraft:acacia_slab":2,"minecraft:iron_helmet":2,"minecraft:dark_oak_slab":8,"minecraft:golden_carrot":3,"minecraft:furnace":2,"minecraft:cooked_beef":21,"minecraft:acacia_planks":1,"minecraft:iron_leggings":1,"minecraft:pointed_dripstone":1,"minecraft:dark_oak_sapling":41,"minecraft:cooked_mutton":3,"minecraft:acacia_boat":3,"minecraft:water_bucket":22,"minecraft:stone_pickaxe":86,"minecraft:wooden_pickaxe":14,"minecraft:cobblestone_slab":9,"minecraft:sugar_cane":10,"minecraft:fletching_table":3,"minecraft:crafting_table":6,"minecraft:spruce_log":3,"minecraft:acacia_stairs":1,"minecraft:apple":4,"minecraft:acacia_door":1,"minecraft:spruce_trapdoor":6,"minecraft:spruce_sapling":18,"minecraft:stone_axe":307,"minecraft:cobblestone":51,"minecraft:cooked_porkchop":4,"minecraft:bucket":24,"minecraft:bone_meal":42},"minecraft:custom":{"minecraft:mob_kills":42,"minecraft:inspect_hopper":10,"minecraft:interact_with_crafting_table":24,"minecraft:open_barrel":2,"minecraft:leave_game":17,"minecraft:time_since_death":40802,"minecraft:climb_one_cm":1185,"minecraft:sprint_one_cm":393202,"minecraft:walk_one_cm":371390,"minecraft:damage_blocked_by_shield":1410,"minecraft:drop":40,"minecraft:talked_to_villager":35,"minecraft:play_time":185647,"minecraft:deaths":6,"minecraft:sneak_time":15346,"minecraft:walk_under_water_one_cm":6859,"minecraft:boat_one_cm":7549,"minecraft:jump":2780,"minecraft:walk_on_water_one_cm":27098,"minecraft:total_world_time":185647,"minecraft:interact_with_furnace":99,"minecraft:traded_with_villager":112,"minecraft:sleep_in_bed":1,"minecraft:time_since_rest":30380,"minecraft:damage_taken":4020,"minecraft:damage_dealt":8417,"minecraft:swim_one_cm":13657,"minecraft:fly_one_cm":395682,"minecraft:open_chest":55,"minecraft:crouch_one_cm":42795,"minecraft:fall_one_cm":57624},"minecraft:killed_by":{"minecraft:zombie_villager":1,"minecraft:player":1,"minecraft:creeper":2,"minecraft:skeleton":1},"minecraft:picked_up":{"minecraft:cocoa_beans":39,"minecraft:crafting_table":5,"minecraft:iron_chestplate":2,"minecraft:wheat":1,"minecraft:wooden_pickaxe":2,"minecraft:shield":2,"minecraft:cornflower":1,"minecraft:string":2,"minecraft:iron_axe":3,"minecraft:acacia_door":1,"minecraft:iron_leggings":3,"minecraft:bucket":1,"minecraft:spruce_planks":202,"minecraft:beef":23,"minecraft:cobblestone_slab":3,"minecraft:iron_nugget":24,"minecraft:poppy":2,"minecraft:spruce_slab":6,"minecraft:sugar_cane":10,"minecraft:chest":4,"minecraft:iron_boots":2,"minecraft:furnace":4,"minecraft:dark_oak_sapling":79,"minecraft:stick":748,"minecraft:raw_iron":37,"minecraft:sandstone":4,"minecraft:oak_fence":2,"minecraft:porkchop":13,"minecraft:pointed_dripstone":6,"minecraft:carrot":78,"minecraft:dark_oak_planks":21,"minecraft:rotten_flesh":19,"minecraft:stone_shovel":1,"minecraft:arrow":11,"minecraft:stone_sword":2,"minecraft:yellow_terracotta":1,"minecraft:mutton":12,"minecraft:snowball":124,"minecraft:white_wool":16,"minecraft:cobblestone":179,"minecraft:cooked_beef":8,"minecraft:water_bucket":1,"minecraft:brown_wool":1,"minecraft:leather":20,"minecraft:smoker":2,"minecraft:acacia_wood":20,"minecraft:acacia_boat":3,"minecraft:gunpowder":4,"minecraft:dirt":68,"minecraft:cooked_mutton":3,"minecraft:bone":23,"minecraft:acacia_planks":1,"minecraft:apple":12,"minecraft:bow":2,"minecraft:wheat_seeds":21,"minecraft:stone_pickaxe":3,"minecraft:iron_ingot":37,"minecraft:fletching_table":3,"minecraft:bamboo":12,"minecraft:stone_hoe":1,"minecraft:dark_oak_slab":2,"minecraft:cooked_porkchop":6,"minecraft:lava_bucket":1,"minecraft:sand":2,"minecraft:spruce_sapling":34,"minecraft:spruce_log":218,"minecraft:acacia_stairs":1,"minecraft:dark_oak_log":812,"minecraft:spruce_boat":1,"minecraft:stone_axe":3,"minecraft:iron_helmet":3,"minecraft:oak_sapling":1,"minecraft:acacia_slab":2,"minecraft:coal":103}},"DataVersion":3120}