{"stats":{"minecraft:picked_up":{"minecraft:cocoa_beans":39,"minecraft:crafting_table":5,"minecraft:iron_chestplate":2,"minecraft:wheat":40,"minecraft:wooden_pickaxe":2,"minecraft:shield":3,"minecraft:cornflower":1,"minecraft:string":2,"minecraft:iron_axe":4,"minecraft:acacia_door":2,"minecraft:iron_leggings":3,"minecraft:diamond_leggings":3,"minecraft:bucket":1,"minecraft:spruce_planks":282,"minecraft:beef":63,"minecraft:cobblestone_slab":3,"minecraft:iron_nugget":24,"minecraft:poppy":13,"minecraft:spruce_slab":19,"minecraft:lectern":36,"minecraft:sugar_cane":10,"minecraft:chest":4,"minecraft:furnace":4,"minecraft:spruce_trapdoor":3,"minecraft:phantom_membrane":1,"minecraft:iron_boots":2,"minecraft:dark_oak_sapling":85,"minecraft:stick":1368,"minecraft:raw_iron":37,"minecraft:sandstone":4,"minecraft:acacia_fence":10,"minecraft:oak_fence":2,"minecraft:composter":1,"minecraft:torch":11,"minecraft:acacia_log":8,"minecraft:porkchop":13,"minecraft:golden_axe":1,"minecraft:pointed_dripstone":6,"minecraft:carrot":78,"minecraft:dark_oak_planks":21,"minecraft:stone_sword":2,"minecraft:stone_shovel":1,"minecraft:arrow":13,"minecraft:rotten_flesh":23,"minecraft:diamond_chestplate":1,"minecraft:diamond_boots":3,"minecraft:yellow_terracotta":7,"minecraft:mutton":12,"minecraft:snowball":124,"minecraft:white_wool":16,"minecraft:cobblestone":950,"minecraft:cooked_beef":8,"minecraft:golden_carrot":36,"minecraft:water_bucket":1,"minecraft:brown_wool":1,"minecraft:leather":38,"minecraft:smoker":2,"minecraft:acacia_wood":92,"minecraft:oak_log":5,"minecraft:gunpowder":6,"minecraft:acacia_boat":3,"minecraft:dirt":1794,"minecraft:cooked_mutton":3,"minecraft:bone":26,"minecraft:acacia_planks":30,"minecraft:apple":13,"minecraft:bow":3,"minecraft:wheat_seeds":236,"minecraft:iron_ingot":75,"minecraft:stone_pickaxe":3,"minecraft:fletching_table":3,"minecraft:diamond_helmet":3,"minecraft:bamboo":20,"minecraft:acacia_sapling":1,"minecraft:stone_hoe":1,"minecraft:dark_oak_slab":9,"minecraft:cooked_porkchop":6,"minecraft:lava_bucket":2,"minecraft:sand":2,"minecraft:spruce_sapling":124,"minecraft:red_terracotta":9,"minecraft:spruce_log":509,"minecraft:acacia_stairs":47,"minecraft:dark_oak_log":812,"minecraft:spruce_boat":1,"minecraft:stone_axe":3,"minecraft:iron_helmet":3,"minecraft:diamond_axe":1,"minecraft:emerald":13,"minecraft:brown_banner":2,"minecraft:oak_sapling":4,"minecraft:acacia_slab":7,"minecraft:melon_seeds":2,"minecraft:coal":103},"minecraft:broken":{"minecraft:iron_shovel":6,"minecraft:stone_sword":1,"minecraft:iron_axe":2,"minecraft:stone_axe":3},"minecraft:crafted":{"minecraft:golden_carrot":3,"minecraft:oak_planks":20,"minecraft:cobblestone_slab":6,"minecraft:furnace":2,"minecraft:bone_meal":45,"minecraft:flint_and_steel":1,"minecraft:diamond_helmet":1,"minecraft:diamond_leggings":1,"minecraft:iron_boots":1,"minecraft:iron_axe":3,"minecraft:spruce_slab":378,"minecraft:stone_pickaxe":1,"minecraft:chest":2,"minecraft:diamond_boots":1,"minecraft:spruce_boat":3,"minecraft:dark_oak_planks":1252,"minecraft:stone_hoe":1,"minecraft:cooked_beef":41,"minecraft:emerald":218,"minecraft:cooked_porkchop":3,"minecraft:diamond_axe":1,"minecraft:crafting_table":2,"minecraft:spruce_planks":1924,"minecraft:wooden_pickaxe":1,"minecraft:iron_helmet":1,"minecraft:iron_sword":1,"minecraft:bucket":1,"minecraft:stone_axe":1,"minecraft:bread":2,"minecraft:air":0,"minecraft:spruce_trapdoor":6,"minecraft:dark_oak_slab":6,"minecraft:iron_chestplate":1,"minecraft:diamond_pickaxe":1,"minecraft:shield":1,"minecraft:stick":6267,"minecraft:iron_ingot":27,"minecraft:iron_pickaxe":1,"minecraft:iron_shovel":7,"minecraft:iron_leggings":1,"minecraft:acacia_planks":320,"minecraft:diamond_chestplate":2},"minecraft:killed":{"minecraft:spider":2,"minecraft:skeleton":8,"minecraft:pig":5,"minecraft:iron_golem":7,"minecraft:creeper":1,"minecraft:sheep":9,"minecraft:zombie":9,"minecraft:cow":19},"minecraft:custom":{"minecraft:mob_kills":60,"minecraft:animals_bred":14,"minecraft:inspect_hopper":10,"minecraft:interact_with_crafting_table":32,"minecraft:open_barrel":2,"minecraft:leave_game":20,"minecraft:time_since_death":102769,"minecraft:climb_one_cm":5553,"minecraft:sprint_one_cm":750742,"minecraft:walk_one_cm":854662,"minecraft:damage_blocked_by_shield":1590,"minecraft:drop":72,"minecraft:talked_to_villager":174,"minecraft:play_time":369269,"minecraft:sneak_time":38361,"minecraft:deaths":10,"minecraft:walk_under_water_one_cm":12644,"minecraft:boat_one_cm":9039,"minecraft:jump":5394,"minecraft:interact_with_blast_furnace":1,"minecraft:walk_on_water_one_cm":40699,"minecraft:total_world_time":369269,"minecraft:interact_with_furnace":102,"minecraft:traded_with_villager":227,"minecraft:sleep_in_bed":8,"minecraft:time_since_rest":16872,"minecraft:damage_taken":6124,"minecraft:damage_dealt":16005,"minecraft:swim_one_cm":22347,"minecraft:fly_one_cm":856302,"minecraft:open_chest":116,"minecraft:crouch_one_cm":141609,"minecraft:interact_with_smoker":7,"minecraft:fall_one_cm":107627},"minecraft:mined":{"minecraft:dark_oak_planks":10,"minecraft:yellow_terracotta":6,"minecraft:spruce_planks":48,"minecraft:farmland":1,"minecraft:dark_oak_leaves":15,"minecraft:dark_oak_log":340,"minecraft:spruce_trapdoor":3,"minecraft:acacia_log":8,"minecraft:grass_block":549,"minecraft:spruce_leaves":15,"minecraft:acacia_slab":8,"minecraft:composter":1,"minecraft:tall_seagrass":2,"minecraft:spruce_sapling":3,"minecraft:furnace":2,"minecraft:carrots":20,"minecraft:iron_ore":22,"minecraft:fire":2,"minecraft:acacia_wood":77,"minecraft:acacia_stairs":47,"minecraft:fletching_table":3,"minecraft:dirt_path":151,"minecraft:vine":1,"minecraft:cobblestone_slab":2,"minecraft:stone":803,"minecraft:spruce_slab":10,"minecraft:podzol":1,"minecraft:glass_pane":8,"minecraft:smoker":1,"minecraft:powder_snow":20,"minecraft:crafting_table":4,"minecraft:torch":3,"minecraft:dead_bush":11,"minecraft:lectern":38,"minecraft:tall_grass":4,"minecraft:cobblestone":20,"minecraft:sugar_cane":7,"minecraft:wall_torch":1,"minecraft:red_terracotta":9,"minecraft:dark_oak_slab":9,"minecraft:wheat":39,"minecraft:spruce_log":469,"minecraft:grass":99,"minecraft:oak_log":5,"minecraft:coal_ore":3,"minecraft:cocoa":5,"minecraft:dark_oak_sapling":5,"minecraft:acacia_fence":8,"minecraft:acacia_door":3,"minecraft:dirt":1042,"minecraft:acacia_planks":42,"minecraft:red_mushroom_block":4,"minecraft:oak_leaves":6,"minecraft:fern":3},"minecraft:killed_by":{"minecraft:zombie_villager":1,"minecraft:player":2,"minecraft:creeper":3,"minecraft:iron_golem":1,"minecraft:skeleton":1},"minecraft:used":{"minecraft:stone_sword":67,"minecraft:iron_shovel":1697,"minecraft:flint_and_steel":37,"minecraft:tropical_fish":1,"minecraft:spruce_slab":397,"minecraft:stone_shovel":3,"minecraft:chest":2,"minecraft:spruce_planks":62,"minecraft:shield":36,"minecraft:stone_hoe":2,"minecraft:iron_chestplate":2,"minecraft:torch":1,"minecraft:dirt":744,"minecraft:carrot":21,"minecraft:diamond_helmet":1,"minecraft:milk_bucket":2,"minecraft:dark_oak_planks":10,"minecraft:spruce_boat":2,"minecraft:lava_bucket":1,"minecraft:iron_axe":422,"minecraft:acacia_slab":2,"minecraft:iron_helmet":2,"minecraft:dark_oak_slab":12,"minecraft:golden_carrot":17,"minecraft:diamond_chestplate":1,"minecraft:furnace":2,"minecraft:cooked_beef":23,"minecraft:acacia_planks":4,"minecraft:pointed_dripstone":1,"minecraft:golden_axe":5,"minecraft:iron_leggings":1,"minecraft:dark_oak_sapling":45,"minecraft:wheat_seeds":76,"minecraft:cooked_mutton":3,"minecraft:acacia_boat":3,"minecraft:water_bucket":22,"minecraft:diamond_boots":2,"minecraft:stone_pickaxe":86,"minecraft:sugar_cane":10,"minecraft:wooden_pickaxe":14,"minecraft:composter":1,"minecraft:diamond_axe":526,"minecraft:fletching_table":3,"minecraft:cobblestone_slab":9,"minecraft:stonecutter":1,"minecraft:crafting_table":6,"minecraft:spruce_log":5,"minecraft:diamond_pickaxe":775,"minecraft:acacia_stairs":1,"minecraft:apple":4,"minecraft:acacia_door":1,"minecraft:bread":8,"minecraft:lectern":36,"minecraft:spruce_trapdoor":6,"minecraft:spruce_sapling":31,"minecraft:stone_axe":307,"minecraft:cobblestone":51,"minecraft:cooked_porkchop":5,"minecraft:bucket":25,"minecraft:diamond_leggings":1,"minecraft:bone_meal":42},"minecraft:dropped":{"minecraft:wheat_seeds":44,"minecraft:cooked_porkchop":7,"minecraft:oak_fence":2,"minecraft:yellow_terracotta":7,"minecraft:brown_banner":2,"minecraft:stick":2,"minecraft:lava_bucket":1,"minecraft:torch":3,"minecraft:cornflower":1,"minecraft:brown_wool":1,"minecraft:snowball":124,"minecraft:sand":1,"minecraft:iron_axe":1,"minecraft:acacia_planks":1,"minecraft:iron_nugget":6,"minecraft:wheat":1,"minecraft:rotten_flesh":9,"minecraft:smoker":1,"minecraft:acacia_stairs":10,"minecraft:red_terracotta":9,"minecraft:carrot":49,"minecraft:poppy":7,"minecraft:oak_sapling":3,"minecraft:melon_seeds":2,"minecraft:acacia_slab":5,"minecraft:acacia_sapling":1,"minecraft:bamboo":2,"minecraft:sandstone":2,"minecraft:bow":2,"minecraft:arrow":2,"minecraft:acacia_fence":10}},"DataVersion":3120}