{"stats":{"minecraft:killed":{"minecraft:pig":4,"minecraft:sheep":9,"minecraft:skeleton":4,"minecraft:zombie":6,"minecraft:cow":10},"minecraft:used":{"minecraft:water_bucket":22,"minecraft:tropical_fish":1,"minecraft:stone_pickaxe":54,"minecraft:wooden_pickaxe":14,"minecraft:shield":26,"minecraft:sugar_cane":10,"minecraft:iron_chestplate":1,"minecraft:dirt":22,"minecraft:crafting_table":5,"minecraft:carrot":1,"minecraft:milk_bucket":2,"minecraft:acacia_stairs":1,"minecraft:apple":4,"minecraft:acacia_door":1,"minecraft:iron_axe":142,"minecraft:iron_helmet":1,"minecraft:spruce_sapling":4,"minecraft:stone_axe":235,"minecraft:furnace":2,"minecraft:cooked_porkchop":2,"minecraft:bucket":23,"minecraft:cooked_beef":15,"minecraft:acacia_planks":1,"minecraft:dark_oak_sapling":37},"minecraft:custom":{"minecraft:interact_with_furnace":95,"minecraft:mob_kills":33,"minecraft:interact_with_crafting_table":13,"minecraft:open_barrel":2,"minecraft:leave_game":8,"minecraft:time_since_death":15907,"minecraft:climb_one_cm":1185,"minecraft:time_since_rest":15937,"minecraft:sprint_one_cm":260607,"minecraft:damage_taken":1998,"minecraft:walk_one_cm":226423,"minecraft:damage_blocked_by_shield":1020,"minecraft:drop":38,"minecraft:damage_dealt":5677,"minecraft:swim_one_cm":10482,"minecraft:talked_to_villager":1,"minecraft:fly_one_cm":225307,"minecraft:play_time":98514,"minecraft:open_chest":14,"minecraft:crouch_one_cm":20957,"minecraft:sneak_time":7161,"minecraft:deaths":2,"minecraft:walk_under_water_one_cm":6792,"minecraft:boat_one_cm":552,"minecraft:jump":1724,"minecraft:walk_on_water_one_cm":9922,"minecraft:total_world_time":98514,"minecraft:fall_one_cm":34212},"minecraft:mined":{"minecraft:dark_oak_leaves":15,"minecraft:smoker":1,"minecraft:dark_oak_log":281,"minecraft:powder_snow":20,"minecraft:crafting_table":4,"minecraft:grass_block":2,"minecraft:tall_grass":1,"minecraft:cobblestone":2,"minecraft:spruce_leaves":6,"minecraft:sugar_cane":7,"minecraft:tall_seagrass":2,"minecraft:furnace":2,"minecraft:iron_ore":22,"minecraft:spruce_log":40,"minecraft:grass":49,"minecraft:cocoa":5,"minecraft:coal_ore":3,"minecraft:dirt_path":2,"minecraft:dark_oak_sapling":5,"minecraft:vine":1,"minecraft:acacia_door":1,"minecraft:dirt":20,"minecraft:acacia_planks":1,"minecraft:red_mushroom_block":4,"minecraft:stone":32,"minecraft:oak_leaves":6,"minecraft:fern":3},"minecraft:dropped":{"minecraft:wheat_seeds":15,"minecraft:iron_nugget":6,"minecraft:cooked_porkchop":7,"minecraft:oak_fence":2,"minecraft:yellow_terracotta":1,"minecraft:rotten_flesh":8,"minecraft:cornflower":1,"minecraft:brown_wool":1,"minecraft:snowball":124,"minecraft:bamboo":2,"minecraft:sandstone":2,"minecraft:bow":2,"minecraft:sand":1,"minecraft:iron_axe":1,"minecraft:arrow":2},"minecraft:crafted":{"minecraft:cooked_beef":21,"minecraft:cooked_porkchop":3,"minecraft:crafting_table":1,"minecraft:spruce_planks":160,"minecraft:wooden_pickaxe":1,"minecraft:iron_helmet":1,"minecraft:furnace":2,"minecraft:bucket":1,"minecraft:stone_axe":1,"minecraft:air":0,"minecraft:iron_boots":1,"minecraft:iron_chestplate":1,"minecraft:shield":1,"minecraft:iron_axe":1,"minecraft:stick":12,"minecraft:iron_ingot":27,"minecraft:stone_pickaxe":1,"minecraft:iron_leggings":1},"minecraft:broken":{"minecraft:stone_axe":2},"minecraft:picked_up":{"minecraft:cocoa_beans":26,"minecraft:crafting_table":5,"minecraft:iron_chestplate":1,"minecraft:wheat":1,"minecraft:cooked_beef":8,"minecraft:water_bucket":1,"minecraft:brown_wool":1,"minecraft:leather":20,"minecraft:wooden_pickaxe":2,"minecraft:smoker":2,"minecraft:acacia_wood":20,"minecraft:shield":1,"minecraft:cornflower":1,"minecraft:dirt":60,"minecraft:iron_axe":2,"minecraft:acacia_door":1,"minecraft:iron_leggings":1,"minecraft:cooked_mutton":3,"minecraft:bone":16,"minecraft:acacia_planks":1,"minecraft:apple":6,"minecraft:bow":2,"minecraft:wheat_seeds":15,"minecraft:spruce_planks":86,"minecraft:iron_ingot":27,"minecraft:beef":23,"minecraft:stone_pickaxe":2,"minecraft:iron_nugget":24,"minecraft:bamboo":11,"minecraft:sugar_cane":10,"minecraft:iron_boots":1,"minecraft:furnace":4,"minecraft:raw_iron":37,"minecraft:dark_oak_sapling":73,"minecraft:stick":64,"minecraft:sandstone":4,"minecraft:cooked_porkchop":6,"minecraft:oak_fence":2,"minecraft:porkchop":10,"minecraft:sand":2,"minecraft:spruce_sapling":10,"minecraft:spruce_log":45,"minecraft:carrot":5,"minecraft:acacia_stairs":1,"minecraft:dark_oak_log":562,"minecraft:stone_sword":1,"minecraft:arrow":2,"minecraft:rotten_flesh":12,"minecraft:stone_axe":2,"minecraft:iron_helmet":1,"minecraft:yellow_terracotta":1,"minecraft:mutton":12,"minecraft:coal":103,"minecraft:snowball":124,"minecraft:white_wool":16,"minecraft:cobblestone":146},"minecraft:killed_by":{"minecraft:player":1,"minecraft:creeper":1}},"DataVersion":3120}