{"stats":{"minecraft:dropped":{"minecraft:wheat_seeds":15,"minecraft:cooked_porkchop":7,"minecraft:oak_fence":2,"minecraft:yellow_terracotta":1,"minecraft:cornflower":1,"minecraft:brown_wool":1,"minecraft:snowball":124,"minecraft:iron_axe":1,"minecraft:sand":1,"minecraft:iron_nugget":6,"minecraft:rotten_flesh":8,"minecraft:carrot":49,"minecraft:bamboo":2,"minecraft:sandstone":2,"minecraft:arrow":2,"minecraft:bow":2},"minecraft:picked_up":{"minecraft:cocoa_beans":39,"minecraft:crafting_table":5,"minecraft:iron_chestplate":2,"minecraft:wheat":1,"minecraft:wooden_pickaxe":2,"minecraft:shield":2,"minecraft:cornflower":1,"minecraft:iron_axe":3,"minecraft:acacia_door":1,"minecraft:iron_leggings":3,"minecraft:bucket":1,"minecraft:spruce_planks":193,"minecraft:beef":23,"minecraft:cobblestone_slab":3,"minecraft:iron_nugget":24,"minecraft:sugar_cane":10,"minecraft:chest":4,"minecraft:iron_boots":2,"minecraft:furnace":4,"minecraft:dark_oak_sapling":75,"minecraft:stick":731,"minecraft:raw_iron":37,"minecraft:sandstone":4,"minecraft:oak_fence":2,"minecraft:porkchop":13,"minecraft:carrot":78,"minecraft:dark_oak_planks":13,"minecraft:rotten_flesh":16,"minecraft:stone_shovel":1,"minecraft:arrow":9,"minecraft:stone_sword":2,"minecraft:yellow_terracotta":1,"minecraft:mutton":12,"minecraft:snowball":124,"minecraft:white_wool":16,"minecraft:cobblestone":179,"minecraft:cooked_beef":8,"minecraft:water_bucket":1,"minecraft:brown_wool":1,"minecraft:leather":20,"minecraft:smoker":2,"minecraft:acacia_wood":20,"minecraft:acacia_boat":3,"minecraft:gunpowder":2,"minecraft:dirt":67,"minecraft:cooked_mutton":3,"minecraft:bone":19,"minecraft:acacia_planks":1,"minecraft:apple":12,"minecraft:bow":2,"minecraft:wheat_seeds":19,"minecraft:stone_pickaxe":3,"minecraft:iron_ingot":27,"minecraft:bamboo":12,"minecraft:stone_hoe":1,"minecraft:dark_oak_slab":2,"minecraft:cooked_porkchop":6,"minecraft:sand":2,"minecraft:spruce_sapling":10,"minecraft:spruce_log":45,"minecraft:acacia_stairs":1,"minecraft:dark_oak_log":759,"minecraft:spruce_boat":1,"minecraft:stone_axe":3,"minecraft:iron_helmet":3,"minecraft:oak_sapling":1,"minecraft:acacia_slab":2,"minecraft:coal":103},"minecraft:mined":{"minecraft:spruce_planks":13,"minecraft:farmland":1,"minecraft:dark_oak_leaves":15,"minecraft:dark_oak_log":287,"minecraft:grass_block":3,"minecraft:spruce_leaves":6,"minecraft:acacia_slab":2,"minecraft:tall_seagrass":2,"minecraft:furnace":2,"minecraft:carrots":20,"minecraft:iron_ore":22,"minecraft:vine":1,"minecraft:cobblestone_slab":2,"minecraft:dirt_path":2,"minecraft:stone":44,"minecraft:smoker":1,"minecraft:powder_snow":20,"minecraft:crafting_table":4,"minecraft:tall_grass":4,"minecraft:cobblestone":20,"minecraft:sugar_cane":7,"minecraft:dark_oak_slab":2,"minecraft:spruce_log":40,"minecraft:grass":58,"minecraft:coal_ore":3,"minecraft:cocoa":5,"minecraft:dark_oak_sapling":5,"minecraft:acacia_door":1,"minecraft:dirt":27,"minecraft:acacia_planks":1,"minecraft:red_mushroom_block":4,"minecraft:oak_leaves":6,"minecraft:fern":3},"minecraft:killed":{"minecraft:skeleton":5,"minecraft:pig":5,"minecraft:creeper":1,"minecraft:sheep":9,"minecraft:zombie":8,"minecraft:cow":10},"minecraft:used":{"minecraft:stone_sword":13,"minecraft:tropical_fish":1,"minecraft:stone_shovel":3,"minecraft:spruce_planks":27,"minecraft:shield":35,"minecraft:stone_hoe":2,"minecraft:iron_chestplate":2,"minecraft:dirt":43,"minecraft:carrot":21,"minecraft:milk_bucket":2,"minecraft:spruce_boat":1,"minecraft:iron_axe":142,"minecraft:acacia_slab":2,"minecraft:iron_helmet":2,"minecraft:dark_oak_slab":8,"minecraft:furnace":2,"minecraft:cooked_beef":21,"minecraft:acacia_planks":1,"minecraft:iron_leggings":1,"minecraft:dark_oak_sapling":37,"minecraft:cooked_mutton":3,"minecraft:acacia_boat":3,"minecraft:water_bucket":22,"minecraft:stone_pickaxe":86,"minecraft:wooden_pickaxe":14,"minecraft:cobblestone_slab":9,"minecraft:sugar_cane":10,"minecraft:crafting_table":6,"minecraft:acacia_stairs":1,"minecraft:apple":4,"minecraft:acacia_door":1,"minecraft:spruce_trapdoor":6,"minecraft:spruce_sapling":4,"minecraft:stone_axe":260,"minecraft:cobblestone":51,"minecraft:cooked_porkchop":2,"minecraft:bucket":24,"minecraft:bone_meal":39},"minecraft:killed_by":{"minecraft:zombie_villager":1,"minecraft:player":1,"minecraft:creeper":2,"minecraft:skeleton":1},"minecraft:custom":{"minecraft:mob_kills":38,"minecraft:inspect_hopper":10,"minecraft:interact_with_crafting_table":20,"minecraft:open_barrel":2,"minecraft:leave_game":15,"minecraft:time_since_death":8048,"minecraft:climb_one_cm":1185,"minecraft:sprint_one_cm":336692,"minecraft:walk_one_cm":299120,"minecraft:damage_blocked_by_shield":1410,"minecraft:drop":39,"minecraft:talked_to_villager":6,"minecraft:play_time":152893,"minecraft:deaths":6,"minecraft:sneak_time":10164,"minecraft:walk_under_water_one_cm":6834,"minecraft:boat_one_cm":7549,"minecraft:jump":2394,"minecraft:walk_on_water_one_cm":20472,"minecraft:total_world_time":152893,"minecraft:interact_with_furnace":99,"minecraft:time_since_rest":8103,"minecraft:damage_taken":3693,"minecraft:damage_dealt":6473,"minecraft:swim_one_cm":11069,"minecraft:fly_one_cm":333725,"minecraft:open_chest":39,"minecraft:crouch_one_cm":29223,"minecraft:fall_one_cm":50227},"minecraft:crafted":{"minecraft:cobblestone_slab":6,"minecraft:furnace":2,"minecraft:bone_meal":39,"minecraft:iron_boots":1,"minecraft:iron_axe":1,"minecraft:stone_pickaxe":1,"minecraft:spruce_boat":2,"minecraft:dark_oak_planks":272,"minecraft:stone_hoe":1,"minecraft:cooked_beef":21,"minecraft:cooked_porkchop":3,"minecraft:crafting_table":2,"minecraft:spruce_planks":160,"minecraft:wooden_pickaxe":1,"minecraft:iron_helmet":1,"minecraft:bucket":1,"minecraft:stone_axe":1,"minecraft:air":0,"minecraft:spruce_trapdoor":6,"minecraft:dark_oak_slab":6,"minecraft:iron_chestplate":1,"minecraft:shield":1,"minecraft:stick":524,"minecraft:iron_ingot":27,"minecraft:iron_leggings":1},"minecraft:broken":{"minecraft:stone_axe":2}},"DataVersion":3120}