{"stats":{"minecraft:dropped":{"minecraft:gravel":2,"minecraft:iron_ingot":2,"minecraft:stone_axe":3,"minecraft:moss_block":4,"minecraft:raw_iron":39,"minecraft:oak_fence":2,"minecraft:cobblestone":9,"minecraft:rotten_flesh":3,"minecraft:clay_ball":115,"minecraft:activator_rail":3,"minecraft:golden_apple":1,"minecraft:rail":16,"minecraft:pumpkin_seeds":3,"minecraft:shield":2,"minecraft:gunpowder":1,"minecraft:diorite":1,"minecraft:torch":1,"minecraft:wooden_axe":4,"minecraft:beetroot_seeds":3,"minecraft:azalea":1,"minecraft:spruce_log":9,"minecraft:flowering_azalea":2,"minecraft:stone_pickaxe":3,"minecraft:wooden_pickaxe":2},"minecraft:picked_up":{"minecraft:wooden_axe":6,"minecraft:crafting_table":11,"minecraft:clay_ball":220,"minecraft:glow_ink_sac":47,"minecraft:andesite":10,"minecraft:wooden_pickaxe":5,"minecraft:shield":4,"minecraft:gunpowder":4,"minecraft:dirt":1,"minecraft:moss_carpet":7,"minecraft:raw_copper":12,"minecraft:bone":4,"minecraft:activator_rail":6,"minecraft:wheat_seeds":4,"minecraft:raw_gold":12,"minecraft:spruce_planks":40,"minecraft:iron_ingot":7,"minecraft:stone_pickaxe":2,"minecraft:azalea":3,"minecraft:iron_pickaxe":3,"minecraft:moss_block":21,"minecraft:flowering_azalea":9,"minecraft:furnace":6,"minecraft:raw_iron":157,"minecraft:stick":6,"minecraft:oak_fence":6,"minecraft:torch":26,"minecraft:gravel":10,"minecraft:diorite":3,"minecraft:carrot":2,"minecraft:spruce_log":49,"minecraft:redstone":18,"minecraft:pumpkin_seeds":3,"minecraft:arrow":10,"minecraft:rotten_flesh":27,"minecraft:beetroot_seeds":3,"minecraft:tropical_fish":33,"minecraft:stone_axe":8,"minecraft:granite":2,"minecraft:bone_meal":1,"minecraft:golden_apple":6,"minecraft:coal":282,"minecraft:rail":48,"minecraft:cobblestone":259},"minecraft:mined":{"minecraft:flowering_azalea":4,"minecraft:powder_snow":19,"minecraft:clay":8,"minecraft:crafting_table":4,"minecraft:granite":2,"minecraft:grass_block":1,"minecraft:cobblestone":10,"minecraft:tall_grass":1,"minecraft:moss_block":5,"minecraft:diorite":1,"minecraft:wall_torch":2,"minecraft:furnace":3,"minecraft:iron_ore":50,"minecraft:spruce_log":13,"minecraft:andesite":2,"minecraft:grass":2,"minecraft:coal_ore":49,"minecraft:dirt":1,"minecraft:gravel":1,"minecraft:azalea":1,"minecraft:stone":83,"minecraft:gold_ore":4},"minecraft:killed":{"minecraft:creeper":1,"minecraft:skeleton":4,"minecraft:zombie":11,"minecraft:tropical_fish":2},"minecraft:used":{"minecraft:tropical_fish":32,"minecraft:stone_pickaxe":103,"minecraft:chest":1,"minecraft:spruce_planks":13,"minecraft:wooden_pickaxe":30,"minecraft:shield":18,"minecraft:rotten_flesh":9,"minecraft:torch":17,"minecraft:golden_apple":1,"minecraft:crafting_table":5,"minecraft:granite":2,"minecraft:wooden_axe":1,"minecraft:flowering_azalea":1,"minecraft:iron_pickaxe":91,"minecraft:iron_helmet":1,"minecraft:iron_boots":1,"minecraft:stone_axe":67,"minecraft:cobblestone":95,"minecraft:furnace":5,"minecraft:andesite":6},"minecraft:killed_by":{"minecraft:player":1,"minecraft:skeleton":1,"minecraft:zombie":1},"minecraft:custom":{"minecraft:interact_with_furnace":26,"minecraft:mob_kills":18,"minecraft:interact_with_crafting_table":14,"minecraft:leave_game":2,"minecraft:time_since_death":21748,"minecraft:climb_one_cm":908,"minecraft:time_since_rest":21772,"minecraft:sprint_one_cm":150279,"minecraft:damage_taken":1202,"minecraft:walk_one_cm":143158,"minecraft:damage_blocked_by_shield":565,"minecraft:drop":38,"minecraft:damage_dealt":4171,"minecraft:swim_one_cm":4133,"minecraft:fly_one_cm":406281,"minecraft:player_kills":1,"minecraft:open_chest":9,"minecraft:crouch_one_cm":18850,"minecraft:play_time":77508,"minecraft:deaths":4,"minecraft:sneak_time":7040,"minecraft:walk_under_water_one_cm":10139,"minecraft:jump":1008,"minecraft:walk_on_water_one_cm":13759,"minecraft:total_world_time":77508,"minecraft:fall_one_cm":29287},"minecraft:crafted":{"minecraft:crafting_table":4,"minecraft:spruce_planks":88,"minecraft:iron_sword":1,"minecraft:wooden_pickaxe":1,"minecraft:iron_helmet":1,"minecraft:furnace":2,"minecraft:stone_axe":3,"minecraft:air":0,"minecraft:iron_boots":1,"minecraft:iron_chestplate":1,"minecraft:shield":2,"minecraft:iron_axe":1,"minecraft:stick":24,"minecraft:iron_ingot":44,"minecraft:iron_pickaxe":1,"minecraft:stone_pickaxe":2,"minecraft:wooden_axe":1,"minecraft:chest":1,"minecraft:iron_leggings":1,"minecraft:torch":28}},"DataVersion":3120}