{"stats":{"minecraft:dropped":{"minecraft:gravel":2,"minecraft:iron_ingot":2,"minecraft:stone_axe":2,"minecraft:moss_block":4,"minecraft:raw_iron":39,"minecraft:clay_ball":115,"minecraft:activator_rail":3,"minecraft:pumpkin_seeds":3,"minecraft:shield":2,"minecraft:gunpowder":1,"minecraft:diorite":1,"minecraft:torch":1,"minecraft:wooden_axe":3,"minecraft:beetroot_seeds":3,"minecraft:azalea":1,"minecraft:spruce_log":9,"minecraft:flowering_azalea":2,"minecraft:stone_pickaxe":3,"minecraft:wooden_pickaxe":2},"minecraft:picked_up":{"minecraft:wooden_axe":6,"minecraft:crafting_table":9,"minecraft:clay_ball":220,"minecraft:andesite":10,"minecraft:wooden_pickaxe":5,"minecraft:shield":4,"minecraft:gunpowder":4,"minecraft:moss_carpet":7,"minecraft:raw_copper":12,"minecraft:bone":4,"minecraft:activator_rail":6,"minecraft:wheat_seeds":2,"minecraft:raw_gold":12,"minecraft:spruce_planks":40,"minecraft:iron_ingot":7,"minecraft:stone_pickaxe":2,"minecraft:azalea":3,"minecraft:iron_pickaxe":3,"minecraft:moss_block":19,"minecraft:flowering_azalea":9,"minecraft:furnace":6,"minecraft:raw_iron":140,"minecraft:stick":3,"minecraft:oak_fence":6,"minecraft:torch":24,"minecraft:gravel":10,"minecraft:diorite":2,"minecraft:carrot":2,"minecraft:spruce_log":49,"minecraft:redstone":18,"minecraft:arrow":5,"minecraft:rotten_flesh":17,"minecraft:beetroot_seeds":3,"minecraft:tropical_fish":32,"minecraft:stone_axe":7,"minecraft:golden_apple":6,"minecraft:coal":205,"minecraft:rail":48,"minecraft:cobblestone":162},"minecraft:mined":{"minecraft:flowering_azalea":4,"minecraft:clay":8,"minecraft:crafting_table":4,"minecraft:tall_grass":1,"minecraft:moss_block":4,"minecraft:diorite":1,"minecraft:furnace":3,"minecraft:iron_ore":33,"minecraft:spruce_log":13,"minecraft:andesite":2,"minecraft:grass":2,"minecraft:coal_ore":36,"minecraft:gravel":1,"minecraft:azalea":1,"minecraft:stone":78,"minecraft:gold_ore":4},"minecraft:killed":{"minecraft:creeper":1,"minecraft:skeleton":3,"minecraft:zombie":9,"minecraft:tropical_fish":2},"minecraft:used":{"minecraft:tropical_fish":32,"minecraft:stone_pickaxe":103,"minecraft:wooden_pickaxe":30,"minecraft:shield":11,"minecraft:torch":11,"minecraft:crafting_table":4,"minecraft:wooden_axe":1,"minecraft:iron_pickaxe":43,"minecraft:stone_axe":56,"minecraft:cobblestone":17,"minecraft:furnace":3,"minecraft:andesite":6},"minecraft:killed_by":{"minecraft:player":1,"minecraft:skeleton":1,"minecraft:zombie":1},"minecraft:custom":{"minecraft:interact_with_furnace":6,"minecraft:mob_kills":15,"minecraft:interact_with_crafting_table":6,"minecraft:leave_game":2,"minecraft:time_since_death":3748,"minecraft:climb_one_cm":32,"minecraft:time_since_rest":3772,"minecraft:sprint_one_cm":127666,"minecraft:damage_taken":1065,"minecraft:walk_one_cm":117178,"minecraft:damage_blocked_by_shield":360,"minecraft:drop":29,"minecraft:damage_dealt":3638,"minecraft:swim_one_cm":1475,"minecraft:fly_one_cm":385903,"minecraft:player_kills":1,"minecraft:crouch_one_cm":14079,"minecraft:play_time":59508,"minecraft:deaths":4,"minecraft:sneak_time":5510,"minecraft:walk_under_water_one_cm":2082,"minecraft:jump":779,"minecraft:walk_on_water_one_cm":4337,"minecraft:total_world_time":59508,"minecraft:fall_one_cm":25259},"minecraft:crafted":{"minecraft:crafting_table":1,"minecraft:spruce_planks":52,"minecraft:wooden_pickaxe":1,"minecraft:furnace":1,"minecraft:stone_axe":3,"minecraft:air":0,"minecraft:shield":2,"minecraft:stick":20,"minecraft:iron_ingot":7,"minecraft:iron_pickaxe":1,"minecraft:stone_pickaxe":2,"minecraft:wooden_axe":1,"minecraft:torch":16}},"DataVersion":3120}