{"stats":{"minecraft:killed":{"minecraft:spider":3,"minecraft:cod":4,"minecraft:skeleton":14,"minecraft:fox":1,"minecraft:drowned":15,"minecraft:tropical_fish":2,"minecraft:pig":6,"minecraft:iron_golem":1,"minecraft:creeper":7,"minecraft:sheep":6,"minecraft:pillager":2,"minecraft:zombie":24,"minecraft:cow":10},"minecraft:used":{"minecraft:iron_shovel":317,"minecraft:tropical_fish":32,"minecraft:chest":6,"minecraft:spruce_planks":13,"minecraft:shield":35,"minecraft:iron_sword":177,"minecraft:rotten_flesh":35,"minecraft:iron_chestplate":2,"minecraft:torch":17,"minecraft:dirt":20,"minecraft:carrot":2,"minecraft:granite":2,"minecraft:dark_oak_planks":36,"minecraft:wooden_axe":1,"minecraft:flowering_azalea":1,"minecraft:iron_axe":134,"minecraft:birch_sapling":1,"minecraft:iron_helmet":2,"minecraft:iron_boots":3,"minecraft:dark_oak_boat":6,"minecraft:bow":9,"minecraft:furnace":26,"minecraft:cooked_cod":5,"minecraft:egg":1,"minecraft:cooked_beef":5,"minecraft:acacia_planks":3,"minecraft:cooked_mutton":9,"minecraft:stone_pickaxe":103,"minecraft:wooden_pickaxe":30,"minecraft:sandstone":3,"minecraft:golden_apple":1,"minecraft:sand":6,"minecraft:crafting_table":10,"minecraft:white_bed":4,"minecraft:oak_log":1,"minecraft:bread":1,"minecraft:iron_pickaxe":263,"minecraft:stone_axe":67,"minecraft:cobblestone":144,"minecraft:acacia_pressure_plate":1,"minecraft:cooked_porkchop":10,"minecraft:andesite":6},"minecraft:custom":{"minecraft:mob_kills":95,"minecraft:animals_bred":2,"minecraft:interact_with_crafting_table":38,"minecraft:leave_game":6,"minecraft:time_since_death":18700,"minecraft:climb_one_cm":908,"minecraft:sprint_one_cm":557329,"minecraft:walk_one_cm":487652,"minecraft:damage_blocked_by_shield":1375,"minecraft:drop":133,"minecraft:play_time":269819,"minecraft:sneak_time":17872,"minecraft:deaths":9,"minecraft:walk_under_water_one_cm":56017,"minecraft:boat_one_cm":926566,"minecraft:jump":3219,"minecraft:walk_on_water_one_cm":45266,"minecraft:total_world_time":269819,"minecraft:interact_with_furnace":173,"minecraft:sleep_in_bed":3,"minecraft:time_since_rest":5001,"minecraft:damage_taken":5024,"minecraft:damage_dealt":15869,"minecraft:swim_one_cm":106676,"minecraft:player_kills":1,"minecraft:fly_one_cm":712150,"minecraft:open_chest":51,"minecraft:crouch_one_cm":57056,"minecraft:fall_one_cm":82521},"minecraft:dropped":{"minecraft:bread":3,"minecraft:iron_ingot":52,"minecraft:iron_sword":1,"minecraft:moss_block":4,"minecraft:cooked_beef":9,"minecraft:oak_log":66,"minecraft:tnt":1,"minecraft:diamond":2,"minecraft:dark_oak_sapling":2,"minecraft:cooked_porkchop":3,"minecraft:iron_helmet":1,"minecraft:oak_fence":2,"minecraft:cobblestone":9,"minecraft:apple":3,"minecraft:activator_rail":3,"minecraft:rail":35,"minecraft:golden_apple":1,"minecraft:stick":48,"minecraft:dirt":3,"minecraft:gray_wool":1,"minecraft:diorite":1,"minecraft:torch":1,"minecraft:wooden_axe":4,"minecraft:gold_nugget":14,"minecraft:flowering_azalea":2,"minecraft:sand":98,"minecraft:iron_axe":2,"minecraft:iron_pickaxe":1,"minecraft:iron_shovel":1,"minecraft:dark_oak_planks":7,"minecraft:string":1,"minecraft:birch_log":13,"minecraft:bone":13,"minecraft:gravel":2,"minecraft:stone_axe":4,"minecraft:iron_nugget":21,"minecraft:raw_iron":42,"minecraft:rotten_flesh":19,"minecraft:clay_ball":115,"minecraft:iron_boots":1,"minecraft:cooked_mutton":11,"minecraft:white_bed":1,"minecraft:carrot":5,"minecraft:pumpkin_seeds":3,"minecraft:filled_map":3,"minecraft:shield":3,"minecraft:gunpowder":1,"minecraft:spruce_planks":10,"minecraft:iron_chestplate":1,"minecraft:beetroot_seeds":3,"minecraft:azalea":1,"minecraft:oak_sapling":29,"minecraft:spruce_log":9,"minecraft:slime_ball":4,"minecraft:sandstone":2,"minecraft:bow":1,"minecraft:arrow":12,"minecraft:wooden_pickaxe":2,"minecraft:stone_pickaxe":3},"minecraft:mined":{"minecraft:dark_oak_planks":11,"minecraft:yellow_terracotta":8,"minecraft:spruce_planks":3,"minecraft:white_bed":3,"minecraft:dark_oak_leaves":1,"minecraft:dark_oak_log":37,"minecraft:granite":3,"minecraft:grass_block":86,"minecraft:spruce_leaves":1,"minecraft:moss_block":5,"minecraft:sandstone":5,"minecraft:furnace":17,"minecraft:iron_ore":66,"minecraft:fire":20,"minecraft:andesite":2,"minecraft:dirt_path":19,"minecraft:azalea":1,"minecraft:stone":163,"minecraft:white_wool":1,"minecraft:flowering_azalea":4,"minecraft:glass_pane":1,"minecraft:melon_stem":9,"minecraft:kelp_plant":1,"minecraft:powder_snow":19,"minecraft:clay":8,"minecraft:crafting_table":10,"minecraft:melon":1,"minecraft:chest":1,"minecraft:tall_grass":1,"minecraft:cobblestone":26,"minecraft:diorite":1,"minecraft:wall_torch":2,"minecraft:birch_log":13,"minecraft:wheat":38,"minecraft:spruce_log":13,"minecraft:birch_leaves":28,"minecraft:grass":14,"minecraft:oak_log":5,"minecraft:coal_ore":71,"minecraft:sand":67,"minecraft:gravel":1,"minecraft:dirt":175,"minecraft:acacia_planks":1,"minecraft:gold_ore":4,"minecraft:oak_leaves":4},"minecraft:crafted":{"minecraft:dark_oak_boat":3,"minecraft:furnace":11,"minecraft:cooked_mutton":18,"minecraft:iron_boots":1,"minecraft:iron_axe":3,"minecraft:stone_pickaxe":2,"minecraft:chest":5,"minecraft:dark_oak_planks":176,"minecraft:cooked_beef":27,"minecraft:cooked_cod":4,"minecraft:cooked_porkchop":11,"minecraft:crafting_table":7,"minecraft:spruce_planks":88,"minecraft:wooden_pickaxe":1,"minecraft:iron_helmet":1,"minecraft:iron_sword":2,"minecraft:stone_axe":3,"minecraft:bread":4,"minecraft:air":0,"minecraft:iron_chestplate":1,"minecraft:shield":3,"minecraft:stick":72,"minecraft:iron_ingot":58,"minecraft:iron_pickaxe":2,"minecraft:wooden_axe":1,"minecraft:iron_shovel":2,"minecraft:iron_leggings":1,"minecraft:white_bed":2,"minecraft:acacia_planks":8,"minecraft:torch":28},"minecraft:broken":{"minecraft:iron_shovel":1,"minecraft:iron_pickaxe":1},"minecraft:picked_up":{"minecraft:wooden_axe":8,"minecraft:iron_chestplate":6,"minecraft:crafting_table":27,"minecraft:wheat":25,"minecraft:clay_ball":220,"minecraft:wooden_pickaxe":5,"minecraft:acacia_pressure_plate":1,"minecraft:shield":10,"minecraft:string":14,"minecraft:moss_carpet":7,"minecraft:raw_copper":12,"minecraft:iron_axe":5,"minecraft:iron_leggings":6,"minecraft:iron_shovel":4,"minecraft:activator_rail":6,"minecraft:spruce_planks":50,"minecraft:beef":26,"minecraft:azalea":3,"minecraft:iron_nugget":17,"minecraft:iron_pickaxe":7,"minecraft:melon_slice":4,"minecraft:chest":1,"minecraft:birch_sapling":13,"minecraft:furnace":26,"minecraft:iron_boots":7,"minecraft:egg":1,"minecraft:dark_oak_sapling":6,"minecraft:stick":113,"minecraft:raw_iron":173,"minecraft:sandstone":12,"minecraft:copper_ingot":2,"minecraft:oak_fence":6,"minecraft:torch":26,"minecraft:acacia_log":2,"minecraft:porkchop":15,"minecraft:diorite":3,"minecraft:carrot":12,"minecraft:redstone":18,"minecraft:dark_oak_planks":366,"minecraft:tnt":4,"minecraft:arrow":57,"minecraft:rotten_flesh":51,"minecraft:cooked_cod":1,"minecraft:tropical_fish":33,"minecraft:beetroot_seeds":3,"minecraft:yellow_terracotta":14,"minecraft:gold_ingot":41,"minecraft:mutton":19,"minecraft:rail":67,"minecraft:cod":4,"minecraft:white_wool":15,"minecraft:cobblestone":464,"minecraft:birch_log":39,"minecraft:cooked_beef":16,"minecraft:glow_ink_sac":47,"minecraft:andesite":10,"minecraft:leather":27,"minecraft:dark_oak_boat":7,"minecraft:filled_map":2,"minecraft:oak_log":291,"minecraft:gunpowder":27,"minecraft:dirt":419,"minecraft:white_banner":1,"minecraft:cooked_mutton":6,"minecraft:bone":33,"minecraft:acacia_planks":1,"minecraft:apple":8,"minecraft:kelp":65,"minecraft:bow":6,"minecraft:wheat_seeds":73,"minecraft:raw_gold":12,"minecraft:heart_of_the_sea":2,"minecraft:iron_ingot":62,"minecraft:stone_pickaxe":2,"minecraft:moss_block":21,"minecraft:iron_sword":6,"minecraft:flowering_azalea":9,"minecraft:cooked_porkchop":7,"minecraft:gravel":10,"minecraft:sand":393,"minecraft:white_bed":8,"minecraft:spruce_log":49,"minecraft:acacia_stairs":2,"minecraft:dark_oak_log":107,"minecraft:pumpkin_seeds":3,"minecraft:slime_ball":4,"minecraft:diamond":4,"minecraft:stone_axe":10,"minecraft:iron_helmet":8,"minecraft:granite":3,"minecraft:bone_meal":1,"minecraft:golden_apple":6,"minecraft:gray_wool":2,"minecraft:oak_sapling":101,"minecraft:acacia_slab":1,"minecraft:melon_seeds":19,"minecraft:coal":432},"minecraft:killed_by":{"minecraft:player":3,"minecraft:skeleton":4,"minecraft:zombie":1}},"DataVersion":3120}