{"stats":{"minecraft:picked_up":{"minecraft:raw_iron":3,"minecraft:crafting_table":2,"minecraft:spruce_log":13,"minecraft:coal":26,"minecraft:cobblestone":30},"minecraft:mined":{"minecraft:coal_ore":26,"minecraft:iron_ore":3,"minecraft:spruce_log":13,"minecraft:stone":30,"minecraft:crafting_table":2},"minecraft:used":{"minecraft:stone_axe":1,"minecraft:wooden_axe":1,"minecraft:crafting_table":2,"minecraft:stone_pickaxe":31,"minecraft:wooden_pickaxe":30},"minecraft:custom":{"minecraft:time_since_rest":16916,"minecraft:crouch_one_cm":5838,"minecraft:sprint_one_cm":11158,"minecraft:play_time":23508,"minecraft:walk_one_cm":20985,"minecraft:damage_taken":80,"minecraft:deaths":1,"minecraft:sneak_time":2252,"minecraft:jump":245,"minecraft:leave_game":2,"minecraft:time_since_death":16889,"minecraft:total_world_time":23508,"minecraft:fall_one_cm":6767,"minecraft:interact_with_crafting_table":2,"minecraft:fly_one_cm":337979},"minecraft:crafted":{"minecraft:stone_axe":2,"minecraft:crafting_table":1,"minecraft:spruce_planks":52,"minecraft:stick":16,"minecraft:wooden_pickaxe":1,"minecraft:stone_pickaxe":2,"minecraft:wooden_axe":1}},"DataVersion":3120}