{"stats":{"minecraft:picked_up":{"minecraft:wooden_axe":8,"minecraft:iron_chestplate":6,"minecraft:wheat":76,"minecraft:acacia_pressure_plate":1,"minecraft:string":17,"minecraft:raw_copper":12,"minecraft:iron_leggings":6,"minecraft:activator_rail":6,"minecraft:deepslate_tiles":1,"minecraft:diamond_leggings":2,"minecraft:cobbled_deepslate":47,"minecraft:spruce_planks":67,"minecraft:azalea":3,"minecraft:iron_pickaxe":8,"minecraft:melon_slice":4,"minecraft:iron_boots":7,"minecraft:furnace":26,"minecraft:golden_helmet":1,"minecraft:stick":572,"minecraft:oak_fence":6,"minecraft:torch":28,"minecraft:acacia_log":3,"minecraft:porkchop":15,"minecraft:diorite":17,"minecraft:rotten_flesh":68,"minecraft:tropical_fish":33,"minecraft:bookshelf":1,"minecraft:obsidian":45,"minecraft:cod":4,"minecraft:cobblestone":566,"minecraft:birch_log":39,"minecraft:cooked_beef":16,"minecraft:water_bucket":1,"minecraft:andesite":10,"minecraft:dark_oak_boat":7,"minecraft:lapis_lazuli":126,"minecraft:dirt":503,"minecraft:bone":33,"minecraft:acacia_planks":6,"minecraft:bow":9,"minecraft:wheat_seeds":237,"minecraft:raw_gold":32,"minecraft:bamboo":64,"minecraft:fletching_table":1,"minecraft:diamond_helmet":1,"minecraft:moss_block":21,"minecraft:oak_planks":4,"minecraft:cooked_porkchop":7,"minecraft:sand":393,"minecraft:acacia_stairs":2,"minecraft:dark_oak_log":334,"minecraft:diamond":6,"minecraft:granite":3,"minecraft:bone_meal":1,"minecraft:golden_apple":6,"minecraft:emerald":1,"minecraft:bread":42,"minecraft:oak_sapling":101,"minecraft:diamond_pickaxe":1,"minecraft:crafting_table":27,"minecraft:clay_ball":220,"minecraft:wooden_pickaxe":5,"minecraft:shield":11,"minecraft:moss_carpet":7,"minecraft:iron_axe":5,"minecraft:iron_shovel":4,"minecraft:beef":129,"minecraft:iron_nugget":17,"minecraft:poppy":3,"minecraft:chest":1,"minecraft:lectern":85,"minecraft:sugar_cane":70,"minecraft:birch_sapling":13,"minecraft:egg":1,"minecraft:dark_oak_sapling":37,"minecraft:raw_iron":185,"minecraft:sandstone":12,"minecraft:copper_ingot":2,"minecraft:bowl":1,"minecraft:carrot":71,"minecraft:redstone":181,"minecraft:dark_oak_planks":366,"minecraft:tnt":4,"minecraft:cooked_cod":1,"minecraft:arrow":67,"minecraft:diamond_chestplate":2,"minecraft:beetroot_seeds":3,"minecraft:diamond_boots":1,"minecraft:yellow_terracotta":14,"minecraft:gold_ingot":41,"minecraft:mutton":19,"minecraft:white_wool":21,"minecraft:rail":67,"minecraft:golden_carrot":30,"minecraft:glow_ink_sac":51,"minecraft:leather":104,"minecraft:filled_map":2,"minecraft:oak_log":291,"minecraft:gunpowder":27,"minecraft:white_banner":1,"minecraft:cooked_mutton":6,"minecraft:apple":13,"minecraft:kelp":65,"minecraft:heart_of_the_sea":2,"minecraft:iron_ingot":70,"minecraft:stone_pickaxe":2,"minecraft:flowering_azalea":9,"minecraft:iron_sword":7,"minecraft:scaffolding":59,"minecraft:dark_oak_slab":4,"minecraft:gravel":38,"minecraft:spruce_sapling":95,"minecraft:white_bed":8,"minecraft:spruce_log":1315,"minecraft:pumpkin_seeds":3,"minecraft:slime_ball":4,"minecraft:stone_axe":10,"minecraft:iron_helmet":8,"minecraft:diamond_axe":1,"minecraft:gray_wool":2,"minecraft:acacia_slab":1,"minecraft:melon_seeds":19,"minecraft:coal":512},"minecraft:broken":{"minecraft:iron_shovel":1,"minecraft:shield":1,"minecraft:iron_pickaxe":1},"minecraft:crafted":{"minecraft:oak_planks":16,"minecraft:dark_oak_boat":3,"minecraft:bookshelf":2,"minecraft:cooked_mutton":18,"minecraft:suspicious_stew":7,"minecraft:diamond_helmet":1,"minecraft:diamond_leggings":1,"minecraft:iron_boots":1,"minecraft:chest":5,"minecraft:emerald":349,"minecraft:cooked_porkchop":11,"minecraft:diamond_axe":1,"minecraft:crafting_table":7,"minecraft:spruce_planks":4476,"minecraft:acacia_slab":24,"minecraft:wooden_pickaxe":1,"minecraft:iron_helmet":1,"minecraft:apple":44,"minecraft:lectern":2,"minecraft:book":15,"minecraft:iron_chestplate":1,"minecraft:paper":45,"minecraft:diamond_pickaxe":1,"minecraft:shield":3,"minecraft:stick":10998,"minecraft:iron_ingot":58,"minecraft:iron_pickaxe":2,"minecraft:iron_block":3,"minecraft:gold_ingot":9,"minecraft:golden_carrot":72,"minecraft:cookie":144,"minecraft:furnace":11,"minecraft:scaffolding":60,"minecraft:iron_axe":3,"minecraft:stone_pickaxe":2,"minecraft:diamond_boots":1,"minecraft:dark_oak_planks":1084,"minecraft:cooked_beef":27,"minecraft:cooked_cod":4,"minecraft:iron_sword":2,"minecraft:stone_axe":3,"minecraft:enchanted_book":1,"minecraft:bread":142,"minecraft:air":0,"minecraft:golden_apple":3,"minecraft:wooden_axe":1,"minecraft:iron_shovel":3,"minecraft:iron_leggings":1,"minecraft:anvil":1,"minecraft:white_bed":4,"minecraft:acacia_planks":8,"minecraft:torch":28,"minecraft:diamond_chestplate":1},"minecraft:killed":{"minecraft:spider":4,"minecraft:cod":4,"minecraft:skeleton":18,"minecraft:fox":1,"minecraft:tropical_fish":2,"minecraft:pig":6,"minecraft:iron_golem":3,"minecraft:creeper":7,"minecraft:sheep":6,"minecraft:pillager":2,"minecraft:zombie":36,"minecraft:cow":60,"minecraft:drowned":15},"minecraft:custom":{"minecraft:animals_bred":24,"minecraft:interact_with_crafting_table":54,"minecraft:leave_game":10,"minecraft:time_since_death":28521,"minecraft:sprint_one_cm":884821,"minecraft:damage_blocked_by_shield":3535,"minecraft:drop":164,"minecraft:talked_to_villager":198,"minecraft:play_time":465754,"minecraft:deaths":11,"minecraft:jump":5693,"minecraft:walk_on_water_one_cm":95371,"minecraft:interact_with_furnace":186,"minecraft:traded_with_villager":430,"minecraft:sleep_in_bed":14,"minecraft:damage_dealt":23693,"minecraft:player_kills":1,"minecraft:crouch_one_cm":86516,"minecraft:interact_with_smoker":2,"minecraft:horse_one_cm":626,"minecraft:interact_with_smithing_table":1,"minecraft:interact_with_anvil":1,"minecraft:mob_kills":164,"minecraft:climb_one_cm":3381,"minecraft:walk_one_cm":940853,"minecraft:sneak_time":29798,"minecraft:walk_under_water_one_cm":122734,"minecraft:boat_one_cm":926566,"minecraft:interact_with_blast_furnace":4,"minecraft:total_world_time":465754,"minecraft:interact_with_grindstone":1,"minecraft:time_since_rest":3947,"minecraft:damage_taken":7045,"minecraft:swim_one_cm":113900,"minecraft:fly_one_cm":983574,"minecraft:open_chest":203,"minecraft:fall_one_cm":130767},"minecraft:mined":{"minecraft:dark_oak_planks":11,"minecraft:spruce_planks":4,"minecraft:white_bed":3,"minecraft:obsidian":31,"minecraft:granite":3,"minecraft:grass_block":115,"minecraft:cobbled_deepslate":5,"minecraft:iron_ore":68,"minecraft:fire":20,"minecraft:fletching_table":1,"minecraft:deepslate_lapis_ore":2,"minecraft:dirt_path":38,"minecraft:azalea":1,"minecraft:deepslate_redstone_ore":19,"minecraft:kelp_plant":1,"minecraft:melon_stem":9,"minecraft:powder_snow":19,"minecraft:clay":8,"minecraft:melon":1,"minecraft:chest":1,"minecraft:cobblestone":31,"minecraft:sugar_cane":36,"minecraft:wall_torch":2,"minecraft:birch_log":13,"minecraft:wheat":113,"minecraft:grass":44,"minecraft:oak_log":5,"minecraft:sand":67,"minecraft:dirt":189,"minecraft:oak_leaves":4,"minecraft:deepslate":14,"minecraft:yellow_terracotta":8,"minecraft:tuff":6,"minecraft:dark_oak_leaves":7,"minecraft:deepslate_diamond_ore":2,"minecraft:dark_oak_log":264,"minecraft:glow_lichen":1,"minecraft:spruce_leaves":16,"minecraft:moss_block":5,"minecraft:sandstone":5,"minecraft:redstone_ore":2,"minecraft:spruce_sapling":3,"minecraft:furnace":17,"minecraft:andesite":2,"minecraft:deepslate_iron_ore":4,"minecraft:bamboo":6,"minecraft:stone":199,"minecraft:white_wool":1,"minecraft:scaffolding":1,"minecraft:flowering_azalea":4,"minecraft:glass_pane":1,"minecraft:crafting_table":10,"minecraft:lectern":84,"minecraft:tall_grass":2,"minecraft:lapis_ore":7,"minecraft:deepslate_gold_ore":10,"minecraft:diorite":6,"minecraft:spruce_log":1200,"minecraft:birch_leaves":28,"minecraft:coal_ore":89,"minecraft:gravel":22,"minecraft:acacia_planks":2,"minecraft:gold_ore":4},"minecraft:killed_by":{"minecraft:creeper":1,"minecraft:zombie":1,"minecraft:player":3,"minecraft:skeleton":4},"minecraft:used":{"minecraft:iron_shovel":355,"minecraft:chest":6,"minecraft:shield":46,"minecraft:iron_sword":262,"minecraft:rotten_flesh":50,"minecraft:iron_chestplate":2,"minecraft:carrot":29,"minecraft:obsidian":25,"minecraft:birch_sapling":1,"minecraft:iron_helmet":2,"minecraft:dark_oak_slab":1,"minecraft:bow":9,"minecraft:dark_oak_boat":6,"minecraft:scaffolding":8,"minecraft:furnace":26,"minecraft:cooked_cod":5,"minecraft:egg":1,"minecraft:diorite":7,"minecraft:stone_pickaxe":103,"minecraft:wooden_pickaxe":30,"minecraft:sandstone":3,"minecraft:sugar_cane":23,"minecraft:diamond_axe":1393,"minecraft:golden_apple":1,"minecraft:sand":6,"minecraft:bread":1,"minecraft:lectern":85,"minecraft:gravel":23,"minecraft:fire_charge":1,"minecraft:andesite":6,"minecraft:tropical_fish":32,"minecraft:redstone":4,"minecraft:spruce_planks":14,"minecraft:torch":17,"minecraft:dirt":161,"minecraft:anvil":1,"minecraft:granite":2,"minecraft:dark_oak_planks":36,"minecraft:wooden_axe":1,"minecraft:flowering_azalea":1,"minecraft:iron_axe":333,"minecraft:iron_boots":3,"minecraft:golden_carrot":14,"minecraft:cooked_beef":5,"minecraft:acacia_planks":3,"minecraft:cobbled_deepslate":42,"minecraft:wheat_seeds":76,"minecraft:cooked_mutton":11,"minecraft:water_bucket":105,"minecraft:fletching_table":1,"minecraft:crafting_table":10,"minecraft:white_bed":6,"minecraft:spruce_log":3,"minecraft:oak_log":1,"minecraft:diamond_pickaxe":185,"minecraft:iron_pickaxe":263,"minecraft:suspicious_stew":6,"minecraft:spruce_sapling":102,"minecraft:stone_axe":67,"minecraft:cobblestone":190,"minecraft:acacia_pressure_plate":1,"minecraft:cooked_porkchop":10,"minecraft:bucket":105},"minecraft:dropped":{"minecraft:iron_sword":1,"minecraft:moss_block":4,"minecraft:diamond_axe":1,"minecraft:cooked_beef":9,"minecraft:oak_log":66,"minecraft:diamond":2,"minecraft:dark_oak_sapling":2,"minecraft:cooked_porkchop":3,"minecraft:cookie":16,"minecraft:rail":35,"minecraft:dirt":3,"minecraft:gold_nugget":14,"minecraft:sand":98,"minecraft:iron_pickaxe":1,"minecraft:dark_oak_planks":7,"minecraft:birch_log":13,"minecraft:bone":13,"minecraft:gravel":2,"minecraft:stone_axe":4,"minecraft:sugar_cane":1,"minecraft:iron_nugget":21,"minecraft:wheat":1,"minecraft:rotten_flesh":19,"minecraft:cooked_mutton":11,"minecraft:white_bed":1,"minecraft:carrot":37,"minecraft:gunpowder":1,"minecraft:beetroot_seeds":3,"minecraft:azalea":1,"minecraft:arrow":14,"minecraft:scaffolding":111,"minecraft:lectern":1,"minecraft:iron_ingot":52,"minecraft:bread":93,"minecraft:tnt":1,"minecraft:oak_fence":2,"minecraft:iron_helmet":2,"minecraft:cobblestone":9,"minecraft:apple":7,"minecraft:activator_rail":3,"minecraft:golden_apple":1,"minecraft:stick":52,"minecraft:gray_wool":1,"minecraft:diorite":1,"minecraft:torch":1,"minecraft:wooden_axe":4,"minecraft:iron_leggings":1,"minecraft:flowering_azalea":2,"minecraft:iron_axe":3,"minecraft:iron_shovel":1,"minecraft:string":1,"minecraft:bowl":7,"minecraft:raw_iron":42,"minecraft:clay_ball":115,"minecraft:iron_boots":2,"minecraft:pumpkin_seeds":3,"minecraft:suspicious_stew":1,"minecraft:filled_map":3,"minecraft:shield":3,"minecraft:spruce_planks":10,"minecraft:iron_chestplate":2,"minecraft:oak_sapling":29,"minecraft:spruce_log":41,"minecraft:slime_ball":4,"minecraft:sandstone":2,"minecraft:bow":2,"minecraft:stone_pickaxe":3,"minecraft:wooden_pickaxe":2}},"DataVersion":3120}