{"stats":{"minecraft:dropped":{"minecraft:stone_axe":1,"minecraft:shield":1,"minecraft:torch":1,"minecraft:stone_pickaxe":1},"minecraft:picked_up":{"minecraft:crafting_table":4,"minecraft:raw_iron":7,"minecraft:clay_ball":32,"minecraft:spruce_log":13,"minecraft:tropical_fish":27,"minecraft:azalea":1,"minecraft:moss_block":4,"minecraft:flowering_azalea":2,"minecraft:coal":70,"minecraft:cobblestone":73,"minecraft:furnace":3},"minecraft:mined":{"minecraft:flowering_azalea":2,"minecraft:furnace":3,"minecraft:iron_ore":7,"minecraft:spruce_log":13,"minecraft:clay":8,"minecraft:crafting_table":4,"minecraft:grass":1,"minecraft:coal_ore":36,"minecraft:azalea":1,"minecraft:stone":71,"minecraft:moss_block":4},"minecraft:killed":{"minecraft:zombie":1,"minecraft:tropical_fish":2},"minecraft:used":{"minecraft:wooden_axe":1,"minecraft:tropical_fish":13,"minecraft:stone_pickaxe":103,"minecraft:iron_pickaxe":2,"minecraft:wooden_pickaxe":30,"minecraft:stone_axe":9,"minecraft:torch":11,"minecraft:crafting_table":4,"minecraft:furnace":3},"minecraft:custom":{"minecraft:time_since_rest":28916,"minecraft:interact_with_furnace":6,"minecraft:sprint_one_cm":16252,"minecraft:damage_taken":165,"minecraft:walk_one_cm":40536,"minecraft:mob_kills":3,"minecraft:drop":4,"minecraft:damage_dealt":399,"minecraft:swim_one_cm":543,"minecraft:interact_with_crafting_table":6,"minecraft:fly_one_cm":342880,"minecraft:crouch_one_cm":10979,"minecraft:play_time":35508,"minecraft:deaths":1,"minecraft:sneak_time":4246,"minecraft:walk_under_water_one_cm":169,"minecraft:jump":323,"minecraft:walk_on_water_one_cm":899,"minecraft:leave_game":2,"minecraft:time_since_death":28889,"minecraft:climb_one_cm":32,"minecraft:total_world_time":35508,"minecraft:fall_one_cm":11558},"minecraft:crafted":{"minecraft:shield":2,"minecraft:crafting_table":1,"minecraft:spruce_planks":52,"minecraft:stick":20,"minecraft:wooden_pickaxe":1,"minecraft:iron_ingot":7,"minecraft:iron_pickaxe":1,"minecraft:stone_pickaxe":2,"minecraft:wooden_axe":1,"minecraft:furnace":1,"minecraft:torch":16,"minecraft:stone_axe":3,"minecraft:air":0}},"DataVersion":3120}