{"stats":{"minecraft:dropped":{"minecraft:gravel":2,"minecraft:iron_ingot":10,"minecraft:stone_axe":3,"minecraft:moss_block":4,"minecraft:raw_iron":39,"minecraft:oak_fence":2,"minecraft:cobblestone":9,"minecraft:rotten_flesh":5,"minecraft:clay_ball":115,"minecraft:activator_rail":3,"minecraft:golden_apple":1,"minecraft:rail":16,"minecraft:pumpkin_seeds":3,"minecraft:stick":1,"minecraft:shield":2,"minecraft:gunpowder":1,"minecraft:diorite":1,"minecraft:torch":1,"minecraft:spruce_planks":10,"minecraft:wooden_axe":4,"minecraft:beetroot_seeds":3,"minecraft:azalea":1,"minecraft:spruce_log":9,"minecraft:flowering_azalea":2,"minecraft:stone_pickaxe":3,"minecraft:wooden_pickaxe":2},"minecraft:picked_up":{"minecraft:wooden_axe":6,"minecraft:crafting_table":12,"minecraft:clay_ball":220,"minecraft:glow_ink_sac":47,"minecraft:andesite":10,"minecraft:wooden_pickaxe":5,"minecraft:shield":4,"minecraft:gunpowder":4,"minecraft:dirt":2,"minecraft:moss_carpet":7,"minecraft:raw_copper":12,"minecraft:bone":4,"minecraft:activator_rail":6,"minecraft:bow":1,"minecraft:wheat_seeds":4,"minecraft:raw_gold":12,"minecraft:spruce_planks":50,"minecraft:beef":6,"minecraft:iron_ingot":7,"minecraft:stone_pickaxe":2,"minecraft:azalea":3,"minecraft:iron_pickaxe":3,"minecraft:moss_block":21,"minecraft:flowering_azalea":9,"minecraft:furnace":7,"minecraft:raw_iron":157,"minecraft:stick":6,"minecraft:oak_fence":6,"minecraft:torch":26,"minecraft:gravel":10,"minecraft:porkchop":1,"minecraft:diorite":3,"minecraft:carrot":2,"minecraft:spruce_log":49,"minecraft:redstone":18,"minecraft:dark_oak_log":31,"minecraft:dark_oak_planks":55,"minecraft:pumpkin_seeds":3,"minecraft:arrow":12,"minecraft:rotten_flesh":27,"minecraft:beetroot_seeds":3,"minecraft:tropical_fish":33,"minecraft:stone_axe":8,"minecraft:granite":2,"minecraft:bone_meal":1,"minecraft:golden_apple":6,"minecraft:mutton":2,"minecraft:coal":282,"minecraft:white_wool":1,"minecraft:rail":48,"minecraft:cobblestone":270},"minecraft:mined":{"minecraft:spruce_planks":3,"minecraft:flowering_azalea":4,"minecraft:dark_oak_leaves":1,"minecraft:dark_oak_log":37,"minecraft:powder_snow":19,"minecraft:clay":8,"minecraft:crafting_table":5,"minecraft:granite":2,"minecraft:grass_block":2,"minecraft:cobblestone":10,"minecraft:tall_grass":1,"minecraft:moss_block":5,"minecraft:diorite":1,"minecraft:wall_torch":2,"minecraft:furnace":4,"minecraft:iron_ore":50,"minecraft:spruce_log":13,"minecraft:andesite":2,"minecraft:grass":2,"minecraft:coal_ore":49,"minecraft:dirt":1,"minecraft:gravel":1,"minecraft:azalea":1,"minecraft:stone":95,"minecraft:gold_ore":4,"minecraft:oak_leaves":1},"minecraft:killed":{"minecraft:pig":1,"minecraft:creeper":1,"minecraft:sheep":1,"minecraft:skeleton":5,"minecraft:zombie":11,"minecraft:tropical_fish":2,"minecraft:cow":2},"minecraft:used":{"minecraft:cooked_mutton":2,"minecraft:tropical_fish":32,"minecraft:stone_pickaxe":103,"minecraft:chest":1,"minecraft:spruce_planks":13,"minecraft:wooden_pickaxe":30,"minecraft:shield":19,"minecraft:iron_sword":5,"minecraft:rotten_flesh":9,"minecraft:torch":17,"minecraft:golden_apple":1,"minecraft:crafting_table":6,"minecraft:granite":2,"minecraft:dark_oak_planks":3,"minecraft:wooden_axe":1,"minecraft:flowering_azalea":1,"minecraft:iron_axe":48,"minecraft:iron_pickaxe":105,"minecraft:iron_helmet":1,"minecraft:iron_boots":1,"minecraft:stone_axe":67,"minecraft:cobblestone":95,"minecraft:furnace":6,"minecraft:cooked_porkchop":1,"minecraft:andesite":6},"minecraft:killed_by":{"minecraft:player":1,"minecraft:skeleton":1,"minecraft:zombie":1},"minecraft:custom":{"minecraft:interact_with_furnace":33,"minecraft:mob_kills":23,"minecraft:interact_with_crafting_table":16,"minecraft:leave_game":2,"minecraft:time_since_death":33748,"minecraft:climb_one_cm":908,"minecraft:time_since_rest":33772,"minecraft:sprint_one_cm":189510,"minecraft:damage_taken":1399,"minecraft:walk_one_cm":168642,"minecraft:damage_blocked_by_shield":605,"minecraft:drop":46,"minecraft:damage_dealt":4751,"minecraft:swim_one_cm":5979,"minecraft:fly_one_cm":433716,"minecraft:player_kills":1,"minecraft:open_chest":10,"minecraft:crouch_one_cm":19787,"minecraft:play_time":89508,"minecraft:deaths":4,"minecraft:sneak_time":7547,"minecraft:walk_under_water_one_cm":10778,"minecraft:jump":1234,"minecraft:walk_on_water_one_cm":17385,"minecraft:total_world_time":89508,"minecraft:fall_one_cm":35237},"minecraft:crafted":{"minecraft:cooked_beef":3,"minecraft:cooked_porkchop":1,"minecraft:crafting_table":5,"minecraft:spruce_planks":88,"minecraft:iron_sword":1,"minecraft:wooden_pickaxe":1,"minecraft:iron_helmet":1,"minecraft:furnace":3,"minecraft:stone_axe":3,"minecraft:cooked_mutton":2,"minecraft:air":0,"minecraft:iron_boots":1,"minecraft:iron_chestplate":1,"minecraft:shield":2,"minecraft:iron_axe":1,"minecraft:stick":24,"minecraft:iron_ingot":44,"minecraft:iron_pickaxe":1,"minecraft:stone_pickaxe":2,"minecraft:wooden_axe":1,"minecraft:chest":1,"minecraft:iron_leggings":1,"minecraft:dark_oak_planks":124,"minecraft:torch":28}},"DataVersion":3120}