{"stats":{"minecraft:dropped":{"minecraft:iron_ingot":10,"minecraft:moss_block":4,"minecraft:cooked_beef":5,"minecraft:oak_fence":2,"minecraft:cobblestone":9,"minecraft:activator_rail":3,"minecraft:rail":16,"minecraft:golden_apple":1,"minecraft:stick":1,"minecraft:diorite":1,"minecraft:torch":1,"minecraft:wooden_axe":4,"minecraft:flowering_azalea":2,"minecraft:gravel":2,"minecraft:stone_axe":3,"minecraft:raw_iron":39,"minecraft:rotten_flesh":5,"minecraft:clay_ball":115,"minecraft:cooked_mutton":1,"minecraft:white_bed":1,"minecraft:pumpkin_seeds":3,"minecraft:shield":2,"minecraft:gunpowder":1,"minecraft:spruce_planks":10,"minecraft:beetroot_seeds":3,"minecraft:azalea":1,"minecraft:spruce_log":9,"minecraft:wooden_pickaxe":2,"minecraft:stone_pickaxe":3},"minecraft:picked_up":{"minecraft:wooden_axe":6,"minecraft:crafting_table":14,"minecraft:clay_ball":220,"minecraft:wooden_pickaxe":5,"minecraft:shield":4,"minecraft:raw_copper":12,"minecraft:moss_carpet":7,"minecraft:activator_rail":6,"minecraft:spruce_planks":50,"minecraft:beef":18,"minecraft:azalea":3,"minecraft:iron_pickaxe":3,"minecraft:birch_sapling":5,"minecraft:egg":1,"minecraft:furnace":11,"minecraft:stick":8,"minecraft:raw_iron":157,"minecraft:oak_fence":6,"minecraft:torch":26,"minecraft:porkchop":2,"minecraft:diorite":3,"minecraft:carrot":2,"minecraft:redstone":18,"minecraft:dark_oak_planks":120,"minecraft:arrow":12,"minecraft:rotten_flesh":31,"minecraft:tropical_fish":33,"minecraft:beetroot_seeds":3,"minecraft:mutton":15,"minecraft:rail":48,"minecraft:white_wool":6,"minecraft:cobblestone":275,"minecraft:birch_log":13,"minecraft:glow_ink_sac":47,"minecraft:andesite":10,"minecraft:leather":5,"minecraft:dark_oak_boat":1,"minecraft:oak_log":2,"minecraft:gunpowder":6,"minecraft:dirt":10,"minecraft:bone":4,"minecraft:kelp":7,"minecraft:bow":1,"minecraft:wheat_seeds":4,"minecraft:raw_gold":12,"minecraft:stone_pickaxe":2,"minecraft:iron_ingot":7,"minecraft:moss_block":21,"minecraft:flowering_azalea":9,"minecraft:cooked_porkchop":2,"minecraft:gravel":10,"minecraft:spruce_log":49,"minecraft:dark_oak_log":31,"minecraft:pumpkin_seeds":3,"minecraft:stone_axe":8,"minecraft:granite":2,"minecraft:bone_meal":1,"minecraft:golden_apple":6,"minecraft:gray_wool":1,"minecraft:oak_sapling":1,"minecraft:coal":337},"minecraft:mined":{"minecraft:dark_oak_planks":8,"minecraft:spruce_planks":3,"minecraft:dark_oak_leaves":1,"minecraft:dark_oak_log":37,"minecraft:granite":2,"minecraft:grass_block":7,"minecraft:moss_block":5,"minecraft:furnace":8,"minecraft:fire":15,"minecraft:iron_ore":50,"minecraft:andesite":2,"minecraft:azalea":1,"minecraft:stone":99,"minecraft:white_wool":1,"minecraft:flowering_azalea":4,"minecraft:powder_snow":19,"minecraft:clay":8,"minecraft:crafting_table":7,"minecraft:tall_grass":1,"minecraft:cobblestone":10,"minecraft:diorite":1,"minecraft:wall_torch":2,"minecraft:birch_log":13,"minecraft:spruce_log":13,"minecraft:birch_leaves":25,"minecraft:grass":2,"minecraft:oak_log":2,"minecraft:coal_ore":71,"minecraft:gravel":1,"minecraft:dirt":4,"minecraft:gold_ore":4,"minecraft:oak_leaves":3},"minecraft:killed":{"minecraft:skeleton":5,"minecraft:fox":1,"minecraft:tropical_fish":2,"minecraft:pig":2,"minecraft:creeper":2,"minecraft:sheep":6,"minecraft:zombie":15,"minecraft:cow":6},"minecraft:used":{"minecraft:tropical_fish":32,"minecraft:spruce_planks":13,"minecraft:chest":1,"minecraft:shield":19,"minecraft:iron_sword":36,"minecraft:rotten_flesh":9,"minecraft:torch":17,"minecraft:dirt":4,"minecraft:granite":2,"minecraft:wooden_axe":1,"minecraft:dark_oak_planks":6,"minecraft:flowering_azalea":1,"minecraft:iron_axe":97,"minecraft:birch_sapling":1,"minecraft:iron_helmet":1,"minecraft:iron_boots":1,"minecraft:dark_oak_boat":2,"minecraft:bow":1,"minecraft:furnace":12,"minecraft:cooked_beef":1,"minecraft:cooked_mutton":6,"minecraft:stone_pickaxe":103,"minecraft:wooden_pickaxe":30,"minecraft:golden_apple":1,"minecraft:crafting_table":8,"minecraft:white_bed":1,"minecraft:iron_pickaxe":139,"minecraft:stone_axe":67,"minecraft:cobblestone":95,"minecraft:cooked_porkchop":3,"minecraft:andesite":6},"minecraft:killed_by":{"minecraft:player":1,"minecraft:skeleton":1,"minecraft:zombie":1},"minecraft:custom":{"minecraft:mob_kills":39,"minecraft:interact_with_crafting_table":20,"minecraft:leave_game":3,"minecraft:time_since_death":63580,"minecraft:climb_one_cm":908,"minecraft:sprint_one_cm":274801,"minecraft:walk_one_cm":223672,"minecraft:damage_blocked_by_shield":605,"minecraft:drop":51,"minecraft:play_time":119340,"minecraft:deaths":4,"minecraft:sneak_time":9092,"minecraft:walk_under_water_one_cm":10778,"minecraft:boat_one_cm":127777,"minecraft:jump":1793,"minecraft:walk_on_water_one_cm":19165,"minecraft:total_world_time":119340,"minecraft:interact_with_furnace":66,"minecraft:sleep_in_bed":1,"minecraft:time_since_rest":1017,"minecraft:damage_taken":1898,"minecraft:damage_dealt":6921,"minecraft:swim_one_cm":5979,"minecraft:player_kills":1,"minecraft:fly_one_cm":501719,"minecraft:open_chest":10,"minecraft:crouch_one_cm":23769,"minecraft:fall_one_cm":52781},"minecraft:crafted":{"minecraft:dark_oak_boat":2,"minecraft:furnace":4,"minecraft:cooked_mutton":11,"minecraft:iron_boots":1,"minecraft:iron_axe":1,"minecraft:stone_pickaxe":2,"minecraft:chest":1,"minecraft:dark_oak_planks":124,"minecraft:cooked_beef":16,"minecraft:cooked_porkchop":1,"minecraft:crafting_table":5,"minecraft:spruce_planks":88,"minecraft:wooden_pickaxe":1,"minecraft:iron_helmet":1,"minecraft:iron_sword":1,"minecraft:stone_axe":3,"minecraft:air":0,"minecraft:iron_chestplate":1,"minecraft:shield":2,"minecraft:stick":24,"minecraft:iron_ingot":44,"minecraft:iron_pickaxe":1,"minecraft:wooden_axe":1,"minecraft:iron_leggings":1,"minecraft:white_bed":2,"minecraft:torch":28}},"DataVersion":3120}