{"stats":{"minecraft:killed":{"minecraft:spider":3,"minecraft:cod":4,"minecraft:skeleton":15,"minecraft:fox":1,"minecraft:drowned":15,"minecraft:tropical_fish":2,"minecraft:pig":6,"minecraft:iron_golem":2,"minecraft:creeper":7,"minecraft:sheep":6,"minecraft:pillager":2,"minecraft:zombie":29,"minecraft:cow":10},"minecraft:mined":{"minecraft:dark_oak_planks":11,"minecraft:yellow_terracotta":8,"minecraft:spruce_planks":4,"minecraft:white_bed":3,"minecraft:deepslate_diamond_ore":2,"minecraft:dark_oak_leaves":7,"minecraft:dark_oak_log":264,"minecraft:glow_lichen":1,"minecraft:obsidian":16,"minecraft:granite":3,"minecraft:grass_block":112,"minecraft:spruce_leaves":16,"minecraft:moss_block":5,"minecraft:sandstone":5,"minecraft:redstone_ore":2,"minecraft:spruce_sapling":3,"minecraft:furnace":17,"minecraft:iron_ore":68,"minecraft:fire":20,"minecraft:andesite":2,"minecraft:deepslate_lapis_ore":1,"minecraft:deepslate_iron_ore":3,"minecraft:dirt_path":35,"minecraft:azalea":1,"minecraft:stone":199,"minecraft:white_wool":1,"minecraft:deepslate_redstone_ore":19,"minecraft:flowering_azalea":4,"minecraft:glass_pane":1,"minecraft:kelp_plant":1,"minecraft:melon_stem":9,"minecraft:powder_snow":19,"minecraft:clay":8,"minecraft:crafting_table":10,"minecraft:melon":1,"minecraft:chest":1,"minecraft:tall_grass":2,"minecraft:cobblestone":29,"minecraft:deepslate_gold_ore":4,"minecraft:lapis_ore":7,"minecraft:sugar_cane":5,"minecraft:diorite":6,"minecraft:wall_torch":2,"minecraft:birch_log":13,"minecraft:wheat":113,"minecraft:spruce_log":1096,"minecraft:birch_leaves":28,"minecraft:grass":40,"minecraft:coal_ore":89,"minecraft:oak_log":5,"minecraft:sand":67,"minecraft:gravel":1,"minecraft:dirt":187,"minecraft:acacia_planks":1,"minecraft:gold_ore":4,"minecraft:oak_leaves":4,"minecraft:deepslate":12},"minecraft:crafted":{"minecraft:cookie":144,"minecraft:dark_oak_boat":3,"minecraft:furnace":11,"minecraft:cooked_mutton":18,"minecraft:suspicious_stew":7,"minecraft:diamond_helmet":1,"minecraft:diamond_leggings":1,"minecraft:iron_boots":1,"minecraft:iron_axe":3,"minecraft:stone_pickaxe":2,"minecraft:chest":5,"minecraft:diamond_boots":1,"minecraft:dark_oak_planks":1084,"minecraft:cooked_beef":27,"minecraft:cooked_cod":4,"minecraft:emerald":262,"minecraft:cooked_porkchop":11,"minecraft:diamond_axe":1,"minecraft:crafting_table":7,"minecraft:spruce_planks":3660,"minecraft:wooden_pickaxe":1,"minecraft:iron_helmet":1,"minecraft:iron_sword":2,"minecraft:stone_axe":3,"minecraft:bread":46,"minecraft:air":0,"minecraft:apple":44,"minecraft:diamond_pickaxe":1,"minecraft:iron_chestplate":1,"minecraft:shield":3,"minecraft:stick":8854,"minecraft:iron_ingot":58,"minecraft:iron_pickaxe":2,"minecraft:wooden_axe":1,"minecraft:iron_shovel":3,"minecraft:iron_leggings":1,"minecraft:white_bed":2,"minecraft:acacia_planks":8,"minecraft:torch":28,"minecraft:diamond_chestplate":1,"minecraft:golden_carrot":36},"minecraft:broken":{"minecraft:iron_shovel":1,"minecraft:iron_pickaxe":1},"minecraft:used":{"minecraft:iron_shovel":355,"minecraft:tropical_fish":32,"minecraft:chest":6,"minecraft:spruce_planks":14,"minecraft:shield":35,"minecraft:iron_sword":185,"minecraft:rotten_flesh":50,"minecraft:iron_chestplate":2,"minecraft:torch":17,"minecraft:dirt":129,"minecraft:carrot":2,"minecraft:granite":2,"minecraft:dark_oak_planks":36,"minecraft:wooden_axe":1,"minecraft:flowering_azalea":1,"minecraft:iron_axe":333,"minecraft:birch_sapling":1,"minecraft:iron_helmet":2,"minecraft:dark_oak_slab":1,"minecraft:iron_boots":3,"minecraft:golden_carrot":4,"minecraft:dark_oak_boat":6,"minecraft:bow":9,"minecraft:furnace":26,"minecraft:cooked_cod":5,"minecraft:egg":1,"minecraft:cooked_beef":5,"minecraft:cobbled_deepslate":31,"minecraft:acacia_planks":3,"minecraft:wheat_seeds":76,"minecraft:cooked_mutton":11,"minecraft:water_bucket":72,"minecraft:stone_pickaxe":103,"minecraft:wooden_pickaxe":30,"minecraft:sandstone":3,"minecraft:sugar_cane":7,"minecraft:diamond_axe":1156,"minecraft:golden_apple":1,"minecraft:sand":6,"minecraft:crafting_table":10,"minecraft:white_bed":4,"minecraft:oak_log":1,"minecraft:diamond_pickaxe":140,"minecraft:bread":1,"minecraft:suspicious_stew":6,"minecraft:iron_pickaxe":263,"minecraft:spruce_sapling":102,"minecraft:stone_axe":67,"minecraft:cobblestone":144,"minecraft:acacia_pressure_plate":1,"minecraft:cooked_porkchop":10,"minecraft:bucket":71,"minecraft:andesite":6},"minecraft:dropped":{"minecraft:iron_ingot":52,"minecraft:bread":3,"minecraft:iron_sword":1,"minecraft:moss_block":4,"minecraft:cooked_beef":9,"minecraft:oak_log":66,"minecraft:tnt":1,"minecraft:diamond":2,"minecraft:dark_oak_sapling":2,"minecraft:cooked_porkchop":3,"minecraft:cookie":16,"minecraft:iron_helmet":2,"minecraft:oak_fence":2,"minecraft:cobblestone":9,"minecraft:apple":7,"minecraft:activator_rail":3,"minecraft:rail":35,"minecraft:golden_apple":1,"minecraft:stick":52,"minecraft:dirt":3,"minecraft:gray_wool":1,"minecraft:diorite":1,"minecraft:torch":1,"minecraft:wooden_axe":4,"minecraft:iron_leggings":1,"minecraft:gold_nugget":14,"minecraft:flowering_azalea":2,"minecraft:sand":98,"minecraft:iron_axe":3,"minecraft:iron_pickaxe":1,"minecraft:iron_shovel":1,"minecraft:dark_oak_planks":7,"minecraft:string":1,"minecraft:birch_log":13,"minecraft:bone":13,"minecraft:gravel":2,"minecraft:stone_axe":4,"minecraft:iron_nugget":21,"minecraft:bowl":7,"minecraft:wheat":1,"minecraft:raw_iron":42,"minecraft:rotten_flesh":19,"minecraft:clay_ball":115,"minecraft:iron_boots":2,"minecraft:cooked_mutton":11,"minecraft:white_bed":1,"minecraft:pumpkin_seeds":3,"minecraft:carrot":5,"minecraft:suspicious_stew":1,"minecraft:filled_map":3,"minecraft:shield":3,"minecraft:gunpowder":1,"minecraft:spruce_planks":10,"minecraft:iron_chestplate":2,"minecraft:beetroot_seeds":3,"minecraft:azalea":1,"minecraft:oak_sapling":29,"minecraft:spruce_log":41,"minecraft:slime_ball":4,"minecraft:sandstone":2,"minecraft:arrow":14,"minecraft:bow":1,"minecraft:stone_pickaxe":3,"minecraft:wooden_pickaxe":2},"minecraft:custom":{"minecraft:mob_kills":102,"minecraft:animals_bred":24,"minecraft:interact_with_crafting_table":38,"minecraft:leave_game":7,"minecraft:time_since_death":137917,"minecraft:climb_one_cm":908,"minecraft:sprint_one_cm":769626,"minecraft:walk_one_cm":743810,"minecraft:damage_blocked_by_shield":1375,"minecraft:drop":153,"minecraft:talked_to_villager":64,"minecraft:play_time":389036,"minecraft:sneak_time":26308,"minecraft:deaths":9,"minecraft:walk_under_water_one_cm":94200,"minecraft:boat_one_cm":926566,"minecraft:jump":4696,"minecraft:walk_on_water_one_cm":77909,"minecraft:total_world_time":389036,"minecraft:interact_with_furnace":178,"minecraft:traded_with_villager":314,"minecraft:interact_with_grindstone":1,"minecraft:sleep_in_bed":12,"minecraft:time_since_rest":25212,"minecraft:damage_taken":5649,"minecraft:damage_dealt":17543,"minecraft:swim_one_cm":110639,"minecraft:player_kills":1,"minecraft:fly_one_cm":872505,"minecraft:open_chest":110,"minecraft:crouch_one_cm":78249,"minecraft:interact_with_smoker":1,"minecraft:fall_one_cm":110375},"minecraft:killed_by":{"minecraft:player":3,"minecraft:skeleton":4,"minecraft:zombie":1},"minecraft:picked_up":{"minecraft:wooden_axe":8,"minecraft:iron_chestplate":6,"minecraft:crafting_table":27,"minecraft:wheat":76,"minecraft:clay_ball":220,"minecraft:wooden_pickaxe":5,"minecraft:acacia_pressure_plate":1,"minecraft:shield":10,"minecraft:string":17,"minecraft:moss_carpet":7,"minecraft:raw_copper":12,"minecraft:iron_axe":5,"minecraft:iron_leggings":6,"minecraft:iron_shovel":4,"minecraft:activator_rail":6,"minecraft:cobbled_deepslate":34,"minecraft:spruce_planks":67,"minecraft:beef":26,"minecraft:iron_pickaxe":7,"minecraft:azalea":3,"minecraft:iron_nugget":17,"minecraft:poppy":1,"minecraft:melon_slice":4,"minecraft:sugar_cane":7,"minecraft:chest":1,"minecraft:birch_sapling":13,"minecraft:furnace":26,"minecraft:iron_boots":7,"minecraft:egg":1,"minecraft:dark_oak_sapling":37,"minecraft:raw_iron":178,"minecraft:stick":186,"minecraft:sandstone":12,"minecraft:bowl":1,"minecraft:copper_ingot":2,"minecraft:oak_fence":6,"minecraft:torch":28,"minecraft:acacia_log":2,"minecraft:porkchop":15,"minecraft:diorite":10,"minecraft:carrot":12,"minecraft:redstone":117,"minecraft:dark_oak_planks":366,"minecraft:tnt":4,"minecraft:arrow":61,"minecraft:rotten_flesh":59,"minecraft:cooked_cod":1,"minecraft:tropical_fish":33,"minecraft:beetroot_seeds":3,"minecraft:yellow_terracotta":14,"minecraft:gold_ingot":41,"minecraft:obsidian":15,"minecraft:mutton":19,"minecraft:rail":67,"minecraft:cod":4,"minecraft:white_wool":15,"minecraft:cobblestone":514,"minecraft:birch_log":39,"minecraft:cooked_beef":16,"minecraft:glow_ink_sac":47,"minecraft:water_bucket":1,"minecraft:andesite":10,"minecraft:leather":27,"minecraft:dark_oak_boat":7,"minecraft:filled_map":2,"minecraft:oak_log":291,"minecraft:lapis_lazuli":58,"minecraft:gunpowder":27,"minecraft:dirt":467,"minecraft:white_banner":1,"minecraft:cooked_mutton":6,"minecraft:bone":33,"minecraft:acacia_planks":1,"minecraft:apple":13,"minecraft:kelp":65,"minecraft:bow":6,"minecraft:wheat_seeds":235,"minecraft:raw_gold":16,"minecraft:heart_of_the_sea":2,"minecraft:iron_ingot":67,"minecraft:stone_pickaxe":2,"minecraft:moss_block":21,"minecraft:iron_sword":6,"minecraft:flowering_azalea":9,"minecraft:dark_oak_slab":4,"minecraft:cooked_porkchop":7,"minecraft:gravel":10,"minecraft:sand":393,"minecraft:spruce_sapling":95,"minecraft:white_bed":8,"minecraft:spruce_log":1181,"minecraft:acacia_stairs":2,"minecraft:dark_oak_log":334,"minecraft:pumpkin_seeds":3,"minecraft:slime_ball":4,"minecraft:stone_axe":10,"minecraft:diamond":5,"minecraft:iron_helmet":8,"minecraft:granite":3,"minecraft:bone_meal":1,"minecraft:golden_apple":6,"minecraft:gray_wool":2,"minecraft:emerald":1,"minecraft:oak_sapling":101,"minecraft:acacia_slab":1,"minecraft:melon_seeds":19,"minecraft:coal":472}},"DataVersion":3120}