{"stats":{"minecraft:dropped":{"minecraft:gravel":2,"minecraft:iron_ingot":2,"minecraft:stone_axe":2,"minecraft:moss_block":4,"minecraft:raw_iron":6,"minecraft:clay_ball":115,"minecraft:activator_rail":3,"minecraft:pumpkin_seeds":3,"minecraft:shield":2,"minecraft:gunpowder":1,"minecraft:torch":1,"minecraft:wooden_axe":3,"minecraft:beetroot_seeds":3,"minecraft:azalea":1,"minecraft:spruce_log":9,"minecraft:flowering_azalea":2,"minecraft:stone_pickaxe":3,"minecraft:wooden_pickaxe":2},"minecraft:picked_up":{"minecraft:wooden_axe":3,"minecraft:crafting_table":7,"minecraft:clay_ball":115,"minecraft:andesite":3,"minecraft:wooden_pickaxe":2,"minecraft:shield":1,"minecraft:gunpowder":4,"minecraft:raw_copper":4,"minecraft:activator_rail":3,"minecraft:spruce_planks":20,"minecraft:iron_ingot":2,"minecraft:stone_pickaxe":1,"minecraft:azalea":1,"minecraft:iron_pickaxe":1,"minecraft:moss_block":4,"minecraft:flowering_azalea":2,"minecraft:furnace":4,"minecraft:raw_iron":32,"minecraft:stick":3,"minecraft:oak_fence":2,"minecraft:torch":1,"minecraft:gravel":2,"minecraft:spruce_log":31,"minecraft:rotten_flesh":4,"minecraft:tropical_fish":32,"minecraft:stone_axe":2,"minecraft:golden_apple":2,"minecraft:coal":133,"minecraft:rail":16,"minecraft:cobblestone":81},"minecraft:mined":{"minecraft:flowering_azalea":2,"minecraft:clay":8,"minecraft:crafting_table":4,"minecraft:moss_block":4,"minecraft:furnace":3,"minecraft:iron_ore":9,"minecraft:spruce_log":13,"minecraft:grass":1,"minecraft:coal_ore":36,"minecraft:azalea":1,"minecraft:stone":71},"minecraft:killed":{"minecraft:creeper":1,"minecraft:skeleton":1,"minecraft:zombie":3,"minecraft:tropical_fish":2},"minecraft:used":{"minecraft:tropical_fish":32,"minecraft:stone_pickaxe":103,"minecraft:wooden_pickaxe":30,"minecraft:shield":3,"minecraft:torch":11,"minecraft:crafting_table":4,"minecraft:wooden_axe":1,"minecraft:iron_pickaxe":4,"minecraft:stone_axe":25,"minecraft:cobblestone":11,"minecraft:furnace":3},"minecraft:killed_by":{"minecraft:player":1},"minecraft:custom":{"minecraft:interact_with_furnace":6,"minecraft:mob_kills":7,"minecraft:interact_with_crafting_table":6,"minecraft:leave_game":2,"minecraft:time_since_death":1927,"minecraft:climb_one_cm":32,"minecraft:time_since_rest":3744,"minecraft:sprint_one_cm":66865,"minecraft:damage_taken":515,"minecraft:walk_one_cm":74101,"minecraft:damage_blocked_by_shield":120,"minecraft:drop":27,"minecraft:damage_dealt":1644,"minecraft:swim_one_cm":1323,"minecraft:fly_one_cm":359818,"minecraft:player_kills":1,"minecraft:crouch_one_cm":12658,"minecraft:play_time":47508,"minecraft:deaths":2,"minecraft:sneak_time":4846,"minecraft:walk_under_water_one_cm":1879,"minecraft:jump":464,"minecraft:walk_on_water_one_cm":2728,"minecraft:total_world_time":47508,"minecraft:fall_one_cm":15618},"minecraft:crafted":{"minecraft:crafting_table":1,"minecraft:spruce_planks":52,"minecraft:wooden_pickaxe":1,"minecraft:furnace":1,"minecraft:stone_axe":3,"minecraft:air":0,"minecraft:shield":2,"minecraft:stick":20,"minecraft:iron_ingot":7,"minecraft:iron_pickaxe":1,"minecraft:stone_pickaxe":2,"minecraft:wooden_axe":1,"minecraft:torch":16}},"DataVersion":3120}