{"stats":{"minecraft:dropped":{"minecraft:iron_ingot":2,"minecraft:furnace":2,"minecraft:moss_carpet":3,"minecraft:stone_axe":3,"minecraft:moss_block":4,"minecraft:raw_copper":4,"minecraft:crafting_table":2,"minecraft:raw_iron":56,"minecraft:oak_fence":6,"minecraft:rotten_flesh":2,"minecraft:clay_ball":166,"minecraft:activator_rail":3,"minecraft:rail":32,"minecraft:carrot":1,"minecraft:coal":61,"minecraft:golden_apple":4,"minecraft:shield":2,"minecraft:gunpowder":3,"minecraft:spruce_planks":20,"minecraft:andesite":4,"minecraft:wooden_axe":3,"minecraft:azalea":3,"minecraft:spruce_log":18,"minecraft:flowering_azalea":3,"minecraft:wooden_pickaxe":2,"minecraft:raw_gold":4,"minecraft:iron_pickaxe":2},"minecraft:picked_up":{"minecraft:wooden_axe":5,"minecraft:crafting_table":5,"minecraft:clay_ball":249,"minecraft:andesite":6,"minecraft:wooden_pickaxe":4,"minecraft:shield":5,"minecraft:gunpowder":4,"minecraft:moss_carpet":4,"minecraft:raw_copper":4,"minecraft:bone":3,"minecraft:activator_rail":6,"minecraft:wheat_seeds":1,"minecraft:raw_gold":4,"minecraft:spruce_planks":40,"minecraft:iron_ingot":4,"minecraft:stone_pickaxe":4,"minecraft:azalea":3,"minecraft:iron_pickaxe":2,"minecraft:moss_block":12,"minecraft:oak_planks":2,"minecraft:flowering_azalea":5,"minecraft:furnace":2,"minecraft:stick":6,"minecraft:raw_iron":104,"minecraft:oak_fence":6,"minecraft:torch":47,"minecraft:gravel":15,"minecraft:diorite":1,"minecraft:carrot":1,"minecraft:spruce_log":31,"minecraft:redstone":9,"minecraft:pumpkin_seeds":6,"minecraft:arrow":3,"minecraft:rotten_flesh":12,"minecraft:stone_axe":7,"minecraft:tropical_fish":5,"minecraft:beetroot_seeds":6,"minecraft:golden_apple":4,"minecraft:coal":146,"minecraft:rail":32,"minecraft:cobblestone":163},"minecraft:mined":{"minecraft:flowering_azalea":2,"minecraft:clay":5,"minecraft:crafting_table":1,"minecraft:glow_lichen":1,"minecraft:torch":1,"minecraft:spruce_leaves":3,"minecraft:moss_block":2,"minecraft:iron_ore":19,"minecraft:spruce_log":13,"minecraft:andesite":2,"minecraft:grass":1,"minecraft:coal_ore":38,"minecraft:gravel":2,"minecraft:stone":56},"minecraft:killed":{"minecraft:creeper":1,"minecraft:zombie":6},"minecraft:used":{"minecraft:stone_pickaxe":73,"minecraft:oak_planks":2,"minecraft:shield":2,"minecraft:wooden_pickaxe":51,"minecraft:torch":4,"minecraft:crafting_table":1,"minecraft:wooden_axe":15,"minecraft:stone_axe":9,"minecraft:cobblestone":2},"minecraft:killed_by":{"minecraft:player":1,"minecraft:skeleton":1},"minecraft:custom":{"minecraft:interact_with_furnace":2,"minecraft:mob_kills":7,"minecraft:interact_with_crafting_table":2,"minecraft:leave_game":2,"minecraft:time_since_death":6725,"minecraft:climb_one_cm":96,"minecraft:time_since_rest":6753,"minecraft:sprint_one_cm":9075,"minecraft:damage_taken":615,"minecraft:walk_one_cm":210437,"minecraft:damage_blocked_by_shield":25,"minecraft:drop":46,"minecraft:damage_dealt":1161,"minecraft:fly_one_cm":4292,"minecraft:player_kills":1,"minecraft:crouch_one_cm":1365,"minecraft:play_time":43327,"minecraft:deaths":2,"minecraft:sneak_time":795,"minecraft:walk_under_water_one_cm":2240,"minecraft:jump":591,"minecraft:walk_on_water_one_cm":6301,"minecraft:total_world_time":43327,"minecraft:fall_one_cm":15449},"minecraft:crafted":{"minecraft:crafting_table":1,"minecraft:spruce_planks":16,"minecraft:wooden_pickaxe":1,"minecraft:stick":8,"minecraft:wooden_axe":1,"minecraft:torch":4}},"DataVersion":3120}