{"stats":{"minecraft:killed":{"minecraft:spider":7,"minecraft:slime":3,"minecraft:skeleton":6,"minecraft:wolf":1,"minecraft:iron_golem":2,"minecraft:creeper":4,"minecraft:sheep":5,"minecraft:pillager":1,"minecraft:zombie":28,"minecraft:enderman":1,"minecraft:cow":18},"minecraft:mined":{"minecraft:dark_oak_planks":1,"minecraft:spruce_planks":2,"minecraft:dark_oak_leaves":46,"minecraft:deepslate_diamond_ore":1,"minecraft:dark_oak_log":659,"minecraft:obsidian":4,"minecraft:granite":2,"minecraft:glow_lichen":1,"minecraft:grass_block":414,"minecraft:spruce_leaves":10,"minecraft:moss_block":2,"minecraft:acacia_pressure_plate":1,"minecraft:spruce_sapling":4,"minecraft:iron_ore":77,"minecraft:fire":8,"minecraft:andesite":27,"minecraft:pointed_dripstone":4,"minecraft:stone":258,"minecraft:podzol":53,"minecraft:flowering_azalea":2,"minecraft:powder_snow":2,"minecraft:clay":5,"minecraft:crafting_table":3,"minecraft:torch":8,"minecraft:cobblestone":11,"minecraft:sugar_cane":57,"minecraft:diorite":13,"minecraft:wall_torch":4,"minecraft:birch_log":30,"minecraft:wheat":53,"minecraft:spruce_log":499,"minecraft:birch_leaves":2,"minecraft:grass":114,"minecraft:coal_ore":74,"minecraft:oak_log":121,"minecraft:sand":109,"minecraft:dark_oak_sapling":11,"minecraft:gravel":3,"minecraft:dirt":580,"minecraft:oak_leaves":34,"minecraft:deepslate":51},"minecraft:crafted":{"minecraft:oak_planks":224,"minecraft:stone_shovel":4,"minecraft:dark_oak_boat":1,"minecraft:diamond_shovel":1,"minecraft:cooked_mutton":7,"minecraft:bow":1,"minecraft:iron_boots":1,"minecraft:iron_axe":1,"minecraft:chest":3,"minecraft:oak_button":32,"minecraft:dark_oak_planks":2076,"minecraft:stone_hoe":1,"minecraft:cooked_beef":38,"minecraft:emerald":175,"minecraft:cooked_porkchop":2,"minecraft:diamond_axe":1,"minecraft:crafting_table":4,"minecraft:spruce_planks":548,"minecraft:wooden_pickaxe":1,"minecraft:iron_helmet":1,"minecraft:bucket":2,"minecraft:air":0,"minecraft:iron_chestplate":1,"minecraft:diamond_pickaxe":1,"minecraft:shield":1,"minecraft:stick":5604,"minecraft:iron_ingot":37,"minecraft:iron_pickaxe":1,"minecraft:wooden_axe":1,"minecraft:iron_leggings":1,"minecraft:torch":8},"minecraft:broken":{"minecraft:stone_pickaxe":1,"minecraft:iron_axe":3,"minecraft:stone_axe":1,"minecraft:stone_shovel":3},"minecraft:used":{"minecraft:stone_shovel":508,"minecraft:chest":3,"minecraft:shield":22,"minecraft:rotten_flesh":27,"minecraft:stone_hoe":66,"minecraft:iron_chestplate":2,"minecraft:torch":28,"minecraft:dirt":132,"minecraft:milk_bucket":5,"minecraft:wooden_axe":17,"minecraft:iron_axe":610,"minecraft:iron_helmet":3,"minecraft:iron_boots":1,"minecraft:dark_oak_boat":2,"minecraft:bow":14,"minecraft:oak_sapling":1,"minecraft:furnace":3,"minecraft:acacia_fence":1,"minecraft:egg":1,"minecraft:cooked_beef":24,"minecraft:cobbled_deepslate":1,"minecraft:dark_oak_sapling":83,"minecraft:iron_leggings":3,"minecraft:wheat_seeds":97,"minecraft:cooked_mutton":15,"minecraft:water_bucket":40,"minecraft:stone_pickaxe":219,"minecraft:oak_planks":3,"minecraft:wooden_pickaxe":51,"minecraft:sugar_cane":92,"minecraft:diamond_axe":852,"minecraft:sand":9,"minecraft:yellow_terracotta":1,"minecraft:crafting_table":6,"minecraft:white_bed":2,"minecraft:spruce_log":3,"minecraft:smoker":1,"minecraft:oak_log":6,"minecraft:diamond_pickaxe":164,"minecraft:apple":1,"minecraft:diamond_shovel":565,"minecraft:melon_slice":4,"minecraft:iron_pickaxe":109,"minecraft:spruce_sapling":9,"minecraft:stone_axe":64,"minecraft:acacia_pressure_plate":1,"minecraft:cobblestone":3,"minecraft:cooked_porkchop":10,"minecraft:andesite":9,"minecraft:bucket":43},"minecraft:dropped":{"minecraft:water_bucket":1,"minecraft:iron_ingot":11,"minecraft:moss_block":4,"minecraft:wheat_seeds":47,"minecraft:crafting_table":2,"minecraft:oak_fence":10,"minecraft:cobblestone":9,"minecraft:activator_rail":3,"minecraft:rail":32,"minecraft:golden_apple":5,"minecraft:coal":62,"minecraft:emerald":129,"minecraft:dirt":138,"minecraft:dark_oak_log":64,"minecraft:diorite":3,"minecraft:wooden_axe":4,"minecraft:flowering_azalea":3,"minecraft:iron_axe":2,"minecraft:iron_pickaxe":2,"minecraft:smooth_stone":5,"minecraft:gravel":1,"minecraft:furnace":2,"minecraft:stone_axe":3,"minecraft:moss_carpet":3,"minecraft:raw_copper":4,"minecraft:bowl":5,"minecraft:wheat":1,"minecraft:raw_iron":56,"minecraft:rotten_flesh":7,"minecraft:clay_ball":166,"minecraft:oak_planks":2,"minecraft:diamond_shovel":1,"minecraft:cooked_mutton":3,"minecraft:carrot":1,"minecraft:shield":2,"minecraft:gunpowder":3,"minecraft:spruce_planks":20,"minecraft:andesite":4,"minecraft:acacia_slab":64,"minecraft:azalea":3,"minecraft:oak_sapling":1,"minecraft:spruce_log":239,"minecraft:bow":1,"minecraft:wooden_pickaxe":2,"minecraft:raw_gold":4},"minecraft:custom":{"minecraft:interact_with_smithing_table":2,"minecraft:mob_kills":77,"minecraft:animals_bred":25,"minecraft:interact_with_crafting_table":47,"minecraft:leave_game":8,"minecraft:time_since_death":21898,"minecraft:climb_one_cm":978,"minecraft:sprint_one_cm":545948,"minecraft:walk_one_cm":1951802,"minecraft:damage_blocked_by_shield":1716,"minecraft:drop":163,"minecraft:talked_to_villager":113,"minecraft:play_time":521307,"minecraft:sneak_time":10023,"minecraft:deaths":12,"minecraft:walk_under_water_one_cm":106529,"minecraft:boat_one_cm":544071,"minecraft:jump":4863,"minecraft:interact_with_blast_furnace":1,"minecraft:walk_on_water_one_cm":103731,"minecraft:total_world_time":521307,"minecraft:interact_with_furnace":72,"minecraft:traded_with_villager":178,"minecraft:sleep_in_bed":26,"minecraft:time_since_rest":21924,"minecraft:damage_taken":7727,"minecraft:damage_dealt":14395,"minecraft:swim_one_cm":24335,"minecraft:player_kills":1,"minecraft:fly_one_cm":160490,"minecraft:open_chest":88,"minecraft:crouch_one_cm":12626,"minecraft:interact_with_smoker":12,"minecraft:fall_one_cm":104676},"minecraft:killed_by":{"minecraft:player":2,"minecraft:wolf":1,"minecraft:creeper":2,"minecraft:spider":1,"minecraft:iron_golem":1,"minecraft:skeleton":2},"minecraft:picked_up":{"minecraft:wooden_axe":8,"minecraft:iron_chestplate":4,"minecraft:crafting_table":8,"minecraft:wheat":68,"minecraft:clay_ball":249,"minecraft:wooden_pickaxe":4,"minecraft:acacia_pressure_plate":1,"minecraft:shield":7,"minecraft:string":12,"minecraft:moss_carpet":4,"minecraft:raw_copper":4,"minecraft:iron_axe":10,"minecraft:iron_leggings":4,"minecraft:activator_rail":6,"minecraft:diamond_leggings":2,"minecraft:smooth_stone":5,"minecraft:cobbled_deepslate":1,"minecraft:bucket":1,"minecraft:spruce_planks":45,"minecraft:beef":33,"minecraft:azalea":3,"minecraft:iron_pickaxe":6,"minecraft:melon_slice":8,"minecraft:sugar_cane":82,"minecraft:birch_sapling":12,"minecraft:furnace":11,"minecraft:iron_boots":3,"minecraft:egg":2,"minecraft:dark_oak_sapling":108,"minecraft:raw_iron":161,"minecraft:stick":712,"minecraft:acacia_fence":1,"minecraft:oak_fence":12,"minecraft:torch":63,"minecraft:bowl":5,"minecraft:acacia_log":4,"minecraft:pointed_dripstone":10,"minecraft:diorite":6,"minecraft:carrot":1,"minecraft:redstone":9,"minecraft:dark_oak_planks":71,"minecraft:tnt":1,"minecraft:arrow":47,"minecraft:stone_shovel":1,"minecraft:rotten_flesh":55,"minecraft:diamond_chestplate":2,"minecraft:tropical_fish":6,"minecraft:beetroot_seeds":6,"minecraft:diamond_boots":2,"minecraft:yellow_terracotta":3,"minecraft:obsidian":8,"minecraft:mutton":11,"minecraft:rail":88,"minecraft:white_wool":7,"minecraft:cobblestone":350,"minecraft:birch_log":99,"minecraft:cooked_beef":37,"minecraft:glow_ink_sac":28,"minecraft:water_bucket":2,"minecraft:andesite":24,"minecraft:leather":44,"minecraft:dark_oak_boat":2,"minecraft:oak_log":244,"minecraft:gunpowder":9,"minecraft:dirt":1376,"minecraft:cooked_mutton":16,"minecraft:bone":25,"minecraft:apple":46,"minecraft:bow":4,"minecraft:wheat_seeds":499,"minecraft:raw_gold":4,"minecraft:heart_of_the_sea":1,"minecraft:iron_ingot":23,"minecraft:stone_pickaxe":4,"minecraft:diamond_helmet":2,"minecraft:moss_block":12,"minecraft:stone_hoe":2,"minecraft:oak_planks":3,"minecraft:flowering_azalea":5,"minecraft:cooked_porkchop":14,"minecraft:dandelion":1,"minecraft:gravel":17,"minecraft:sand":255,"minecraft:spruce_sapling":57,"minecraft:white_bed":2,"minecraft:spruce_log":993,"minecraft:dark_oak_log":811,"minecraft:diamond_shovel":2,"minecraft:pumpkin_seeds":6,"minecraft:slime_ball":8,"minecraft:diamond":6,"minecraft:stone_axe":9,"minecraft:iron_helmet":4,"minecraft:granite":2,"minecraft:diamond_axe":2,"minecraft:bone_meal":1,"minecraft:golden_apple":6,"minecraft:gray_wool":2,"minecraft:emerald":154,"minecraft:oak_sapling":60,"minecraft:acacia_slab":65,"minecraft:coal":363,"minecraft:diamond_pickaxe":1}},"DataVersion":3120}