{"stats":{"minecraft:picked_up":{"minecraft:crafting_table":1,"minecraft:spruce_log":13,"minecraft:coal":10,"minecraft:cobblestone":1},"minecraft:mined":{"minecraft:coal_ore":10,"minecraft:spruce_leaves":1,"minecraft:spruce_log":13,"minecraft:stone":1,"minecraft:crafting_table":1},"minecraft:used":{"minecraft:wooden_axe":7,"minecraft:crafting_table":1,"minecraft:wooden_pickaxe":11},"minecraft:custom":{"minecraft:time_since_rest":8604,"minecraft:crouch_one_cm":769,"minecraft:play_time":8604,"minecraft:damage_taken":30,"minecraft:walk_one_cm":20981,"minecraft:sneak_time":342,"minecraft:jump":98,"minecraft:time_since_death":8604,"minecraft:leave_game":2,"minecraft:total_world_time":8604,"minecraft:fall_one_cm":2735,"minecraft:interact_with_crafting_table":1,"minecraft:fly_one_cm":221},"minecraft:crafted":{"minecraft:crafting_table":1,"minecraft:spruce_planks":16,"minecraft:stick":4,"minecraft:wooden_pickaxe":1,"minecraft:wooden_axe":1}},"DataVersion":3120}