{"stats":{"minecraft:killed":{"minecraft:spider":7,"minecraft:slime":3,"minecraft:skeleton":3,"minecraft:wolf":1,"minecraft:iron_golem":1,"minecraft:creeper":3,"minecraft:sheep":5,"minecraft:pillager":1,"minecraft:zombie":20,"minecraft:enderman":1,"minecraft:cow":18},"minecraft:mined":{"minecraft:dark_oak_planks":1,"minecraft:spruce_planks":2,"minecraft:deepslate_diamond_ore":1,"minecraft:dark_oak_leaves":46,"minecraft:dark_oak_log":659,"minecraft:granite":2,"minecraft:glow_lichen":1,"minecraft:grass_block":402,"minecraft:spruce_leaves":10,"minecraft:moss_block":2,"minecraft:acacia_pressure_plate":1,"minecraft:spruce_sapling":4,"minecraft:iron_ore":66,"minecraft:fire":8,"minecraft:andesite":27,"minecraft:stone":245,"minecraft:podzol":53,"minecraft:flowering_azalea":2,"minecraft:powder_snow":2,"minecraft:clay":5,"minecraft:crafting_table":3,"minecraft:torch":8,"minecraft:cobblestone":11,"minecraft:sugar_cane":57,"minecraft:diorite":9,"minecraft:wall_torch":4,"minecraft:birch_log":30,"minecraft:wheat":53,"minecraft:spruce_log":498,"minecraft:birch_leaves":2,"minecraft:grass":114,"minecraft:oak_log":121,"minecraft:coal_ore":72,"minecraft:sand":109,"minecraft:dark_oak_sapling":11,"minecraft:gravel":2,"minecraft:dirt":546,"minecraft:deepslate":44,"minecraft:oak_leaves":34},"minecraft:crafted":{"minecraft:oak_planks":224,"minecraft:stone_shovel":4,"minecraft:dark_oak_boat":1,"minecraft:diamond_shovel":1,"minecraft:cooked_mutton":7,"minecraft:bow":1,"minecraft:iron_boots":1,"minecraft:iron_axe":1,"minecraft:chest":3,"minecraft:oak_button":32,"minecraft:dark_oak_planks":2076,"minecraft:stone_hoe":1,"minecraft:cooked_beef":38,"minecraft:emerald":175,"minecraft:cooked_porkchop":2,"minecraft:diamond_axe":1,"minecraft:crafting_table":3,"minecraft:spruce_planks":544,"minecraft:wooden_pickaxe":1,"minecraft:iron_helmet":1,"minecraft:air":0,"minecraft:iron_chestplate":1,"minecraft:diamond_pickaxe":1,"minecraft:shield":1,"minecraft:stick":5604,"minecraft:iron_ingot":28,"minecraft:iron_pickaxe":1,"minecraft:wooden_axe":1,"minecraft:iron_leggings":1,"minecraft:torch":4},"minecraft:broken":{"minecraft:stone_pickaxe":1,"minecraft:iron_axe":3,"minecraft:stone_axe":1,"minecraft:stone_shovel":3},"minecraft:used":{"minecraft:stone_shovel":508,"minecraft:chest":3,"minecraft:shield":12,"minecraft:rotten_flesh":27,"minecraft:stone_hoe":66,"minecraft:iron_chestplate":2,"minecraft:torch":22,"minecraft:dirt":128,"minecraft:milk_bucket":5,"minecraft:wooden_axe":17,"minecraft:iron_axe":610,"minecraft:iron_helmet":3,"minecraft:iron_boots":1,"minecraft:dark_oak_boat":2,"minecraft:bow":14,"minecraft:oak_sapling":1,"minecraft:furnace":3,"minecraft:acacia_fence":1,"minecraft:egg":1,"minecraft:cooked_beef":16,"minecraft:dark_oak_sapling":83,"minecraft:iron_leggings":3,"minecraft:wheat_seeds":97,"minecraft:cooked_mutton":15,"minecraft:water_bucket":6,"minecraft:stone_pickaxe":219,"minecraft:oak_planks":3,"minecraft:wooden_pickaxe":51,"minecraft:sugar_cane":92,"minecraft:diamond_axe":803,"minecraft:sand":9,"minecraft:yellow_terracotta":1,"minecraft:crafting_table":5,"minecraft:white_bed":2,"minecraft:smoker":1,"minecraft:spruce_log":1,"minecraft:oak_log":6,"minecraft:diamond_pickaxe":116,"minecraft:apple":1,"minecraft:diamond_shovel":565,"minecraft:melon_slice":4,"minecraft:iron_pickaxe":109,"minecraft:spruce_sapling":9,"minecraft:stone_axe":64,"minecraft:acacia_pressure_plate":1,"minecraft:cobblestone":3,"minecraft:cooked_porkchop":9,"minecraft:andesite":9,"minecraft:bucket":7},"minecraft:dropped":{"minecraft:water_bucket":1,"minecraft:iron_ingot":11,"minecraft:moss_block":4,"minecraft:crafting_table":2,"minecraft:oak_fence":10,"minecraft:activator_rail":3,"minecraft:rail":32,"minecraft:golden_apple":5,"minecraft:coal":61,"minecraft:emerald":129,"minecraft:dirt":74,"minecraft:dark_oak_log":64,"minecraft:wooden_axe":4,"minecraft:flowering_azalea":3,"minecraft:iron_axe":2,"minecraft:iron_pickaxe":2,"minecraft:smooth_stone":5,"minecraft:furnace":2,"minecraft:stone_axe":3,"minecraft:moss_carpet":3,"minecraft:raw_copper":4,"minecraft:bowl":5,"minecraft:wheat":1,"minecraft:raw_iron":56,"minecraft:rotten_flesh":7,"minecraft:clay_ball":166,"minecraft:oak_planks":2,"minecraft:diamond_shovel":1,"minecraft:cooked_mutton":3,"minecraft:carrot":1,"minecraft:shield":2,"minecraft:gunpowder":3,"minecraft:spruce_planks":20,"minecraft:andesite":4,"minecraft:acacia_slab":64,"minecraft:azalea":3,"minecraft:oak_sapling":1,"minecraft:spruce_log":239,"minecraft:wooden_pickaxe":2,"minecraft:raw_gold":4},"minecraft:custom":{"minecraft:interact_with_smithing_table":2,"minecraft:mob_kills":63,"minecraft:animals_bred":25,"minecraft:interact_with_crafting_table":45,"minecraft:leave_game":6,"minecraft:time_since_death":101703,"minecraft:climb_one_cm":978,"minecraft:sprint_one_cm":508910,"minecraft:walk_one_cm":1719389,"minecraft:damage_blocked_by_shield":735,"minecraft:drop":156,"minecraft:talked_to_villager":113,"minecraft:play_time":473618,"minecraft:sneak_time":7447,"minecraft:deaths":11,"minecraft:walk_under_water_one_cm":56546,"minecraft:boat_one_cm":544071,"minecraft:jump":4199,"minecraft:interact_with_blast_furnace":1,"minecraft:walk_on_water_one_cm":81258,"minecraft:total_world_time":473618,"minecraft:interact_with_furnace":70,"minecraft:traded_with_villager":178,"minecraft:sleep_in_bed":26,"minecraft:time_since_rest":29771,"minecraft:damage_taken":6701,"minecraft:damage_dealt":10627,"minecraft:swim_one_cm":24335,"minecraft:player_kills":1,"minecraft:fly_one_cm":140452,"minecraft:open_chest":88,"minecraft:crouch_one_cm":11043,"minecraft:interact_with_smoker":12,"minecraft:fall_one_cm":89757},"minecraft:killed_by":{"minecraft:player":2,"minecraft:wolf":1,"minecraft:creeper":2,"minecraft:spider":1,"minecraft:skeleton":2},"minecraft:picked_up":{"minecraft:wooden_axe":8,"minecraft:crafting_table":8,"minecraft:iron_chestplate":4,"minecraft:wheat":68,"minecraft:clay_ball":249,"minecraft:wooden_pickaxe":4,"minecraft:acacia_pressure_plate":1,"minecraft:shield":6,"minecraft:string":9,"minecraft:moss_carpet":4,"minecraft:raw_copper":4,"minecraft:iron_axe":10,"minecraft:iron_leggings":4,"minecraft:activator_rail":6,"minecraft:diamond_leggings":1,"minecraft:smooth_stone":5,"minecraft:spruce_planks":45,"minecraft:beef":33,"minecraft:azalea":3,"minecraft:iron_pickaxe":6,"minecraft:melon_slice":8,"minecraft:sugar_cane":82,"minecraft:birch_sapling":12,"minecraft:furnace":11,"minecraft:iron_boots":3,"minecraft:egg":2,"minecraft:dark_oak_sapling":101,"minecraft:stick":167,"minecraft:raw_iron":150,"minecraft:acacia_fence":1,"minecraft:oak_fence":12,"minecraft:bowl":5,"minecraft:torch":60,"minecraft:acacia_log":4,"minecraft:diorite":6,"minecraft:carrot":1,"minecraft:redstone":9,"minecraft:dark_oak_planks":71,"minecraft:tnt":1,"minecraft:arrow":35,"minecraft:stone_shovel":1,"minecraft:rotten_flesh":55,"minecraft:diamond_chestplate":1,"minecraft:tropical_fish":6,"minecraft:beetroot_seeds":6,"minecraft:diamond_boots":1,"minecraft:yellow_terracotta":3,"minecraft:mutton":11,"minecraft:rail":86,"minecraft:white_wool":7,"minecraft:cobblestone":341,"minecraft:birch_log":99,"minecraft:cooked_beef":13,"minecraft:glow_ink_sac":28,"minecraft:water_bucket":2,"minecraft:andesite":24,"minecraft:leather":24,"minecraft:dark_oak_boat":2,"minecraft:oak_log":244,"minecraft:gunpowder":9,"minecraft:dirt":1248,"minecraft:cooked_mutton":16,"minecraft:bone":20,"minecraft:apple":36,"minecraft:bow":3,"minecraft:wheat_seeds":452,"minecraft:raw_gold":4,"minecraft:heart_of_the_sea":1,"minecraft:iron_ingot":17,"minecraft:stone_pickaxe":4,"minecraft:diamond_helmet":1,"minecraft:moss_block":12,"minecraft:stone_hoe":1,"minecraft:oak_planks":3,"minecraft:flowering_azalea":5,"minecraft:cooked_porkchop":14,"minecraft:dandelion":1,"minecraft:gravel":15,"minecraft:sand":255,"minecraft:spruce_sapling":36,"minecraft:white_bed":2,"minecraft:spruce_log":736,"minecraft:dark_oak_log":811,"minecraft:diamond_shovel":1,"minecraft:pumpkin_seeds":6,"minecraft:slime_ball":8,"minecraft:diamond":5,"minecraft:stone_axe":9,"minecraft:iron_helmet":4,"minecraft:granite":2,"minecraft:diamond_axe":1,"minecraft:bone_meal":1,"minecraft:golden_apple":6,"minecraft:gray_wool":2,"minecraft:emerald":152,"minecraft:oak_sapling":60,"minecraft:acacia_slab":65,"minecraft:coal":361}},"DataVersion":3120}