{"stats":{"minecraft:dropped":{"minecraft:iron_ingot":2,"minecraft:furnace":2,"minecraft:moss_carpet":3,"minecraft:stone_axe":3,"minecraft:moss_block":4,"minecraft:raw_copper":4,"minecraft:crafting_table":2,"minecraft:raw_iron":56,"minecraft:oak_fence":6,"minecraft:rotten_flesh":2,"minecraft:clay_ball":166,"minecraft:activator_rail":3,"minecraft:rail":32,"minecraft:carrot":1,"minecraft:coal":61,"minecraft:golden_apple":4,"minecraft:shield":2,"minecraft:gunpowder":3,"minecraft:spruce_planks":20,"minecraft:andesite":4,"minecraft:wooden_axe":3,"minecraft:azalea":3,"minecraft:spruce_log":18,"minecraft:flowering_azalea":3,"minecraft:wooden_pickaxe":2,"minecraft:raw_gold":4,"minecraft:iron_pickaxe":2},"minecraft:picked_up":{"minecraft:wooden_axe":6,"minecraft:crafting_table":5,"minecraft:clay_ball":249,"minecraft:glow_ink_sac":28,"minecraft:andesite":6,"minecraft:wooden_pickaxe":4,"minecraft:shield":5,"minecraft:gunpowder":4,"minecraft:moss_carpet":4,"minecraft:raw_copper":4,"minecraft:bone":3,"minecraft:activator_rail":6,"minecraft:wheat_seeds":1,"minecraft:raw_gold":4,"minecraft:spruce_planks":40,"minecraft:iron_ingot":4,"minecraft:stone_pickaxe":4,"minecraft:azalea":3,"minecraft:iron_pickaxe":2,"minecraft:moss_block":12,"minecraft:oak_planks":2,"minecraft:flowering_azalea":5,"minecraft:furnace":2,"minecraft:stick":6,"minecraft:raw_iron":109,"minecraft:oak_fence":8,"minecraft:torch":47,"minecraft:gravel":15,"minecraft:diorite":1,"minecraft:carrot":1,"minecraft:spruce_log":31,"minecraft:redstone":9,"minecraft:pumpkin_seeds":6,"minecraft:arrow":3,"minecraft:rotten_flesh":15,"minecraft:stone_axe":8,"minecraft:tropical_fish":6,"minecraft:beetroot_seeds":6,"minecraft:bone_meal":1,"minecraft:golden_apple":5,"minecraft:coal":146,"minecraft:rail":48,"minecraft:cobblestone":173},"minecraft:mined":{"minecraft:flowering_azalea":2,"minecraft:powder_snow":2,"minecraft:clay":5,"minecraft:crafting_table":1,"minecraft:glow_lichen":1,"minecraft:torch":1,"minecraft:spruce_leaves":4,"minecraft:moss_block":2,"minecraft:iron_ore":25,"minecraft:spruce_log":13,"minecraft:andesite":2,"minecraft:grass":1,"minecraft:coal_ore":38,"minecraft:gravel":2,"minecraft:stone":64},"minecraft:killed":{"minecraft:creeper":1,"minecraft:zombie":6},"minecraft:used":{"minecraft:stone_pickaxe":88,"minecraft:oak_planks":2,"minecraft:shield":2,"minecraft:wooden_pickaxe":51,"minecraft:rotten_flesh":2,"minecraft:iron_chestplate":1,"minecraft:torch":4,"minecraft:crafting_table":1,"minecraft:wooden_axe":16,"minecraft:iron_helmet":1,"minecraft:iron_boots":1,"minecraft:stone_axe":12,"minecraft:cobblestone":3,"minecraft:iron_leggings":1},"minecraft:killed_by":{"minecraft:player":1,"minecraft:skeleton":1},"minecraft:custom":{"minecraft:interact_with_furnace":25,"minecraft:mob_kills":7,"minecraft:interact_with_crafting_table":7,"minecraft:leave_game":2,"minecraft:time_since_death":10699,"minecraft:climb_one_cm":978,"minecraft:time_since_rest":10726,"minecraft:sprint_one_cm":12935,"minecraft:damage_taken":865,"minecraft:walk_one_cm":270171,"minecraft:damage_blocked_by_shield":25,"minecraft:drop":46,"minecraft:damage_dealt":1368,"minecraft:fly_one_cm":6744,"minecraft:player_kills":1,"minecraft:open_chest":5,"minecraft:crouch_one_cm":1446,"minecraft:play_time":61327,"minecraft:deaths":3,"minecraft:sneak_time":978,"minecraft:walk_under_water_one_cm":10869,"minecraft:jump":823,"minecraft:walk_on_water_one_cm":13059,"minecraft:total_world_time":61327,"minecraft:fall_one_cm":19429},"minecraft:crafted":{"minecraft:crafting_table":1,"minecraft:spruce_planks":16,"minecraft:wooden_pickaxe":1,"minecraft:iron_helmet":1,"minecraft:air":0,"minecraft:iron_boots":1,"minecraft:iron_chestplate":1,"minecraft:stick":8,"minecraft:iron_ingot":28,"minecraft:wooden_axe":1,"minecraft:iron_leggings":1,"minecraft:torch":4}},"DataVersion":3120}