{"stats":{"minecraft:dropped":{"minecraft:iron_ingot":2,"minecraft:furnace":2,"minecraft:moss_carpet":3,"minecraft:stone_axe":3,"minecraft:moss_block":4,"minecraft:raw_copper":4,"minecraft:crafting_table":2,"minecraft:raw_iron":56,"minecraft:oak_fence":6,"minecraft:rotten_flesh":2,"minecraft:clay_ball":166,"minecraft:activator_rail":3,"minecraft:rail":32,"minecraft:carrot":1,"minecraft:coal":61,"minecraft:golden_apple":4,"minecraft:shield":2,"minecraft:gunpowder":3,"minecraft:spruce_planks":20,"minecraft:andesite":4,"minecraft:wooden_axe":3,"minecraft:azalea":3,"minecraft:iron_axe":1,"minecraft:spruce_log":18,"minecraft:flowering_azalea":3,"minecraft:wooden_pickaxe":2,"minecraft:raw_gold":4,"minecraft:iron_pickaxe":2},"minecraft:picked_up":{"minecraft:wooden_axe":6,"minecraft:crafting_table":6,"minecraft:cooked_beef":3,"minecraft:clay_ball":249,"minecraft:glow_ink_sac":28,"minecraft:andesite":6,"minecraft:leather":2,"minecraft:wooden_pickaxe":4,"minecraft:shield":5,"minecraft:gunpowder":4,"minecraft:iron_axe":2,"minecraft:moss_carpet":4,"minecraft:raw_copper":4,"minecraft:bone":3,"minecraft:activator_rail":6,"minecraft:wheat_seeds":1,"minecraft:raw_gold":4,"minecraft:spruce_planks":45,"minecraft:beef":2,"minecraft:iron_ingot":4,"minecraft:stone_pickaxe":4,"minecraft:azalea":3,"minecraft:iron_pickaxe":2,"minecraft:moss_block":12,"minecraft:oak_planks":2,"minecraft:flowering_azalea":5,"minecraft:furnace":2,"minecraft:dark_oak_sapling":2,"minecraft:stick":7,"minecraft:raw_iron":109,"minecraft:oak_fence":8,"minecraft:torch":51,"minecraft:gravel":15,"minecraft:white_bed":1,"minecraft:diorite":1,"minecraft:carrot":1,"minecraft:spruce_log":31,"minecraft:redstone":9,"minecraft:dark_oak_log":81,"minecraft:pumpkin_seeds":6,"minecraft:arrow":3,"minecraft:rotten_flesh":15,"minecraft:stone_axe":8,"minecraft:tropical_fish":6,"minecraft:beetroot_seeds":6,"minecraft:bone_meal":1,"minecraft:golden_apple":5,"minecraft:gray_wool":1,"minecraft:mutton":3,"minecraft:white_wool":1,"minecraft:coal":146,"minecraft:rail":48,"minecraft:cobblestone":189},"minecraft:mined":{"minecraft:spruce_planks":2,"minecraft:flowering_azalea":2,"minecraft:dark_oak_leaves":4,"minecraft:dark_oak_log":81,"minecraft:powder_snow":2,"minecraft:clay":5,"minecraft:crafting_table":2,"minecraft:glow_lichen":1,"minecraft:torch":3,"minecraft:spruce_leaves":4,"minecraft:moss_block":2,"minecraft:wall_torch":3,"minecraft:iron_ore":25,"minecraft:fire":8,"minecraft:birch_leaves":2,"minecraft:spruce_log":13,"minecraft:andesite":2,"minecraft:grass":4,"minecraft:coal_ore":38,"minecraft:gravel":2,"minecraft:stone":80,"minecraft:oak_leaves":5},"minecraft:killed":{"minecraft:creeper":1,"minecraft:sheep":2,"minecraft:zombie":9,"minecraft:cow":1},"minecraft:used":{"minecraft:cooked_mutton":3,"minecraft:stone_pickaxe":88,"minecraft:oak_planks":2,"minecraft:shield":2,"minecraft:wooden_pickaxe":51,"minecraft:rotten_flesh":3,"minecraft:iron_chestplate":1,"minecraft:torch":10,"minecraft:crafting_table":2,"minecraft:wooden_axe":17,"minecraft:iron_axe":43,"minecraft:iron_pickaxe":16,"minecraft:iron_helmet":1,"minecraft:iron_boots":1,"minecraft:dark_oak_boat":1,"minecraft:stone_axe":64,"minecraft:cobblestone":3,"minecraft:cooked_beef":3,"minecraft:iron_leggings":1},"minecraft:killed_by":{"minecraft:player":1,"minecraft:skeleton":1},"minecraft:custom":{"minecraft:interact_with_furnace":33,"minecraft:mob_kills":13,"minecraft:interact_with_crafting_table":10,"minecraft:sleep_in_bed":1,"minecraft:leave_game":3,"minecraft:time_since_death":52506,"minecraft:climb_one_cm":978,"minecraft:time_since_rest":1102,"minecraft:sprint_one_cm":54847,"minecraft:damage_taken":1341,"minecraft:walk_one_cm":471360,"minecraft:damage_blocked_by_shield":25,"minecraft:drop":47,"minecraft:damage_dealt":2413,"minecraft:fly_one_cm":27407,"minecraft:player_kills":1,"minecraft:open_chest":8,"minecraft:crouch_one_cm":1836,"minecraft:play_time":103134,"minecraft:deaths":3,"minecraft:sneak_time":1171,"minecraft:walk_under_water_one_cm":15711,"minecraft:boat_one_cm":135612,"minecraft:jump":1484,"minecraft:walk_on_water_one_cm":21250,"minecraft:total_world_time":103134,"minecraft:fall_one_cm":34221},"minecraft:crafted":{"minecraft:dark_oak_boat":1,"minecraft:crafting_table":2,"minecraft:spruce_planks":16,"minecraft:wooden_pickaxe":1,"minecraft:iron_helmet":1,"minecraft:cooked_mutton":5,"minecraft:air":0,"minecraft:iron_boots":1,"minecraft:iron_chestplate":1,"minecraft:stick":12,"minecraft:iron_ingot":28,"minecraft:iron_pickaxe":1,"minecraft:wooden_axe":1,"minecraft:iron_leggings":1,"minecraft:dark_oak_planks":20,"minecraft:torch":4},"minecraft:broken":{"minecraft:stone_axe":1}},"DataVersion":3120}