{"stats":{"minecraft:picked_up":{"minecraft:wooden_axe":8,"minecraft:iron_chestplate":4,"minecraft:crafting_table":8,"minecraft:wheat":187,"minecraft:clay_ball":249,"minecraft:wooden_pickaxe":4,"minecraft:acacia_pressure_plate":1,"minecraft:enchanted_book":3,"minecraft:shield":8,"minecraft:string":14,"minecraft:raw_copper":13,"minecraft:moss_carpet":4,"minecraft:iron_axe":10,"minecraft:iron_leggings":4,"minecraft:activator_rail":6,"minecraft:diamond_leggings":4,"minecraft:smooth_stone":7,"minecraft:cobbled_deepslate":2,"minecraft:bucket":1,"minecraft:spruce_planks":45,"minecraft:beef":35,"minecraft:azalea":3,"minecraft:iron_pickaxe":6,"minecraft:spruce_slab":10,"minecraft:sugar_cane":185,"minecraft:melon_slice":8,"minecraft:birch_sapling":12,"minecraft:egg":2,"minecraft:iron_boots":3,"minecraft:furnace":15,"minecraft:dark_oak_sapling":110,"minecraft:raw_iron":181,"minecraft:stick":751,"minecraft:stone":8,"minecraft:acacia_fence":1,"minecraft:oak_fence":12,"minecraft:torch":64,"minecraft:bowl":5,"minecraft:acacia_log":6,"minecraft:pointed_dripstone":10,"minecraft:diorite":6,"minecraft:carrot":1,"minecraft:redstone":9,"minecraft:dark_oak_planks":72,"minecraft:tnt":1,"minecraft:arrow":63,"minecraft:stone_shovel":1,"minecraft:rotten_flesh":68,"minecraft:diamond_chestplate":3,"minecraft:tropical_fish":6,"minecraft:beetroot_seeds":6,"minecraft:diamond_boots":3,"minecraft:yellow_terracotta":6,"minecraft:gold_ingot":1,"minecraft:mutton":11,"minecraft:obsidian":12,"minecraft:rail":88,"minecraft:white_wool":7,"minecraft:cobblestone":793,"minecraft:birch_log":99,"minecraft:cooked_beef":47,"minecraft:water_bucket":3,"minecraft:glow_ink_sac":28,"minecraft:andesite":26,"minecraft:leather":66,"minecraft:dark_oak_boat":2,"minecraft:smoker":1,"minecraft:oak_log":244,"minecraft:gunpowder":9,"minecraft:dirt":1912,"minecraft:name_tag":5,"minecraft:cooked_mutton":16,"minecraft:bone":29,"minecraft:apple":55,"minecraft:bow":5,"minecraft:wheat_seeds":821,"minecraft:raw_gold":4,"minecraft:heart_of_the_sea":1,"minecraft:iron_ingot":78,"minecraft:stone_pickaxe":4,"minecraft:diamond_helmet":3,"minecraft:moss_block":12,"minecraft:oak_planks":13,"minecraft:flowering_azalea":5,"minecraft:stone_hoe":2,"minecraft:acacia_sapling":4,"minecraft:cooked_porkchop":14,"minecraft:dandelion":1,"minecraft:gravel":17,"minecraft:lava_bucket":2,"minecraft:sand":258,"minecraft:spruce_sapling":103,"minecraft:blast_furnace":1,"minecraft:white_bed":2,"minecraft:spruce_log":1202,"minecraft:dark_oak_log":811,"minecraft:diamond_shovel":3,"minecraft:pumpkin_seeds":6,"minecraft:slime_ball":8,"minecraft:diamond":9,"minecraft:stone_axe":9,"minecraft:iron_helmet":4,"minecraft:diamond_axe":3,"minecraft:granite":57,"minecraft:bone_meal":1,"minecraft:golden_apple":7,"minecraft:gray_wool":2,"minecraft:emerald":216,"minecraft:oak_sapling":60,"minecraft:acacia_slab":65,"minecraft:coal":382,"minecraft:diamond_pickaxe":2},"minecraft:killed":{"minecraft:spider":9,"minecraft:slime":3,"minecraft:phantom":3,"minecraft:skeleton":10,"minecraft:wolf":1,"minecraft:zombie_villager":1,"minecraft:iron_golem":2,"minecraft:creeper":5,"minecraft:sheep":5,"minecraft:pillager":1,"minecraft:zombie":44,"minecraft:enderman":1,"minecraft:cow":19},"minecraft:used":{"minecraft:enchanting_table":1,"minecraft:stone_shovel":508,"minecraft:chest":3,"minecraft:shield":28,"minecraft:rotten_flesh":27,"minecraft:stone_hoe":66,"minecraft:iron_chestplate":2,"minecraft:torch":31,"minecraft:dirt":538,"minecraft:carrot":2,"minecraft:milk_bucket":5,"minecraft:wooden_axe":17,"minecraft:lava_bucket":7,"minecraft:iron_axe":610,"minecraft:iron_helmet":3,"minecraft:iron_boots":1,"minecraft:dark_oak_boat":2,"minecraft:bow":182,"minecraft:oak_sapling":1,"minecraft:furnace":5,"minecraft:acacia_fence":1,"minecraft:egg":1,"minecraft:cooked_beef":42,"minecraft:dark_oak_sapling":91,"minecraft:cobbled_deepslate":1,"minecraft:iron_leggings":3,"minecraft:wheat_seeds":177,"minecraft:cooked_mutton":15,"minecraft:water_bucket":72,"minecraft:stone_pickaxe":219,"minecraft:oak_planks":5,"minecraft:wooden_pickaxe":51,"minecraft:sugar_cane":98,"minecraft:diamond_axe":1128,"minecraft:golden_apple":2,"minecraft:glow_berries":10,"minecraft:sand":10,"minecraft:yellow_terracotta":1,"minecraft:blast_furnace":5,"minecraft:crafting_table":6,"minecraft:white_bed":2,"minecraft:spruce_log":7,"minecraft:smoker":5,"minecraft:oak_log":6,"minecraft:diamond_pickaxe":679,"minecraft:apple":1,"minecraft:diamond_shovel":1450,"minecraft:iron_pickaxe":109,"minecraft:melon_slice":4,"minecraft:spruce_sapling":30,"minecraft:stone_axe":64,"minecraft:acacia_pressure_plate":1,"minecraft:cobblestone":3,"minecraft:cooked_porkchop":10,"minecraft:andesite":9,"minecraft:bucket":82,"minecraft:bone_meal":3},"minecraft:custom":{"minecraft:interact_with_anvil":1,"minecraft:mob_kills":106,"minecraft:animals_bred":44,"minecraft:interact_with_crafting_table":66,"minecraft:leave_game":13,"minecraft:time_since_death":24536,"minecraft:climb_one_cm":978,"minecraft:sprint_one_cm":712733,"minecraft:walk_one_cm":2560389,"minecraft:damage_blocked_by_shield":1991,"minecraft:drop":203,"minecraft:talked_to_villager":152,"minecraft:play_time":666634,"minecraft:sneak_time":12142,"minecraft:deaths":13,"minecraft:walk_under_water_one_cm":121382,"minecraft:boat_one_cm":544071,"minecraft:jump":5919,"minecraft:interact_with_blast_furnace":20,"minecraft:walk_on_water_one_cm":119218,"minecraft:total_world_time":666634,"minecraft:interact_with_furnace":142,"minecraft:traded_with_villager":224,"minecraft:sleep_in_bed":29,"minecraft:time_since_rest":24584,"minecraft:damage_taken":10006,"minecraft:damage_absorbed":77,"minecraft:damage_dealt":19191,"minecraft:swim_one_cm":25820,"minecraft:player_kills":1,"minecraft:fly_one_cm":199261,"minecraft:open_chest":173,"minecraft:crouch_one_cm":16691,"minecraft:interact_with_smoker":15,"minecraft:fall_one_cm":116742,"minecraft:interact_with_smithing_table":2},"minecraft:crafted":{"minecraft:smooth_stone":14,"minecraft:oak_planks":224,"minecraft:stone_shovel":4,"minecraft:dark_oak_boat":1,"minecraft:furnace":7,"minecraft:blast_furnace":4,"minecraft:stone":22,"minecraft:diamond_shovel":1,"minecraft:cooked_mutton":7,"minecraft:bow":1,"minecraft:iron_boots":1,"minecraft:iron_axe":1,"minecraft:chest":3,"minecraft:oak_button":32,"minecraft:dark_oak_planks":2076,"minecraft:stone_hoe":1,"minecraft:smoker":3,"minecraft:cooked_beef":40,"minecraft:emerald":221,"minecraft:cooked_porkchop":2,"minecraft:diamond_axe":1,"minecraft:crafting_table":4,"minecraft:enchanting_table":1,"minecraft:spruce_planks":1052,"minecraft:wooden_pickaxe":1,"minecraft:iron_helmet":1,"minecraft:bucket":2,"minecraft:air":0,"minecraft:book":1,"minecraft:paper":3,"minecraft:iron_chestplate":1,"minecraft:diamond_pickaxe":1,"minecraft:golden_apple":1,"minecraft:shield":1,"minecraft:stick":6612,"minecraft:iron_ingot":74,"minecraft:iron_pickaxe":1,"minecraft:wooden_axe":1,"minecraft:iron_leggings":1,"minecraft:gold_ingot":9,"minecraft:torch":8},"minecraft:mined":{"minecraft:dark_oak_planks":1,"minecraft:yellow_terracotta":23,"minecraft:spruce_planks":2,"minecraft:dark_oak_leaves":46,"minecraft:deepslate_diamond_ore":1,"minecraft:dark_oak_log":659,"minecraft:obsidian":4,"minecraft:glow_lichen":1,"minecraft:granite":64,"minecraft:acacia_log":2,"minecraft:grass_block":894,"minecraft:acacia_slab":6,"minecraft:spruce_leaves":10,"minecraft:moss_block":2,"minecraft:acacia_pressure_plate":1,"minecraft:carrots":1,"minecraft:spruce_sapling":4,"minecraft:furnace":2,"minecraft:iron_ore":97,"minecraft:fire":8,"minecraft:cobbled_deepslate":1,"minecraft:acacia_wood":10,"minecraft:andesite":39,"minecraft:acacia_stairs":50,"minecraft:pointed_dripstone":4,"minecraft:dirt_path":32,"minecraft:stone":600,"minecraft:spruce_slab":11,"minecraft:podzol":87,"minecraft:flowering_azalea":2,"minecraft:glass_pane":2,"minecraft:powder_snow":2,"minecraft:clay":5,"minecraft:crafting_table":3,"minecraft:torch":8,"minecraft:blast_furnace":1,"minecraft:poppy":1,"minecraft:copper_ore":3,"minecraft:tall_grass":3,"minecraft:cobblestone":33,"minecraft:oak_planks":2,"minecraft:sugar_cane":143,"minecraft:wall_torch":5,"minecraft:diorite":13,"minecraft:birch_log":30,"minecraft:wheat":178,"minecraft:spruce_log":596,"minecraft:birch_leaves":2,"minecraft:grass":162,"minecraft:coal_ore":88,"minecraft:oak_log":121,"minecraft:dark_oak_sapling":12,"minecraft:acacia_fence":13,"minecraft:gravel":3,"minecraft:dirt":934,"minecraft:sand":113,"minecraft:acacia_door":1,"minecraft:acacia_planks":26,"minecraft:oak_leaves":34,"minecraft:deepslate":58},"minecraft:dropped":{"minecraft:water_bucket":1,"minecraft:iron_ingot":11,"minecraft:moss_block":4,"minecraft:wheat_seeds":231,"minecraft:crafting_table":2,"minecraft:diamond_leggings":1,"minecraft:oak_fence":10,"minecraft:yellow_terracotta":3,"minecraft:cobblestone":9,"minecraft:activator_rail":3,"minecraft:acacia_log":1,"minecraft:rail":32,"minecraft:coal":62,"minecraft:golden_apple":5,"minecraft:emerald":129,"minecraft:lava_bucket":1,"minecraft:dirt":145,"minecraft:dark_oak_log":64,"minecraft:diorite":3,"minecraft:wooden_axe":4,"minecraft:flowering_azalea":3,"minecraft:sand":2,"minecraft:iron_axe":2,"minecraft:iron_pickaxe":2,"minecraft:smooth_stone":5,"minecraft:spruce_sapling":10,"minecraft:bone":14,"minecraft:gravel":1,"minecraft:furnace":2,"minecraft:stone_axe":3,"minecraft:moss_carpet":3,"minecraft:cobbled_deepslate":1,"minecraft:raw_copper":13,"minecraft:bowl":5,"minecraft:wheat":1,"minecraft:raw_iron":56,"minecraft:pointed_dripstone":5,"minecraft:rotten_flesh":12,"minecraft:clay_ball":166,"minecraft:oak_planks":10,"minecraft:diamond_shovel":1,"minecraft:cooked_mutton":3,"minecraft:carrot":1,"minecraft:shield":2,"minecraft:gunpowder":3,"minecraft:spruce_planks":20,"minecraft:andesite":6,"minecraft:acacia_slab":64,"minecraft:azalea":3,"minecraft:oak_sapling":1,"minecraft:acacia_sapling":3,"minecraft:spruce_log":239,"minecraft:bow":1,"minecraft:wooden_pickaxe":2,"minecraft:raw_gold":4},"minecraft:broken":{"minecraft:stone_pickaxe":1,"minecraft:iron_axe":3,"minecraft:stone_axe":1,"minecraft:stone_shovel":3},"minecraft:killed_by":{"minecraft:player":2,"minecraft:wolf":1,"minecraft:creeper":2,"minecraft:spider":1,"minecraft:iron_golem":2,"minecraft:skeleton":2}},"DataVersion":3120}