{"stats":{"minecraft:killed":{"minecraft:spider":9,"minecraft:slime":3,"minecraft:skeleton":10,"minecraft:wolf":1,"minecraft:zombie_villager":1,"minecraft:iron_golem":2,"minecraft:creeper":5,"minecraft:sheep":5,"minecraft:pillager":1,"minecraft:zombie":36,"minecraft:enderman":1,"minecraft:cow":19},"minecraft:mined":{"minecraft:dark_oak_planks":1,"minecraft:yellow_terracotta":23,"minecraft:spruce_planks":2,"minecraft:dark_oak_leaves":46,"minecraft:deepslate_diamond_ore":1,"minecraft:dark_oak_log":659,"minecraft:obsidian":4,"minecraft:glow_lichen":1,"minecraft:granite":64,"minecraft:acacia_log":2,"minecraft:grass_block":884,"minecraft:acacia_slab":6,"minecraft:spruce_leaves":10,"minecraft:moss_block":2,"minecraft:acacia_pressure_plate":1,"minecraft:spruce_sapling":4,"minecraft:furnace":1,"minecraft:iron_ore":97,"minecraft:fire":8,"minecraft:cobbled_deepslate":1,"minecraft:acacia_wood":10,"minecraft:andesite":39,"minecraft:acacia_stairs":50,"minecraft:pointed_dripstone":4,"minecraft:dirt_path":32,"minecraft:stone":431,"minecraft:spruce_slab":4,"minecraft:podzol":83,"minecraft:flowering_azalea":2,"minecraft:glass_pane":2,"minecraft:powder_snow":2,"minecraft:clay":5,"minecraft:crafting_table":3,"minecraft:torch":8,"minecraft:poppy":1,"minecraft:copper_ore":3,"minecraft:tall_grass":3,"minecraft:cobblestone":33,"minecraft:oak_planks":2,"minecraft:sugar_cane":57,"minecraft:wall_torch":5,"minecraft:diorite":13,"minecraft:birch_log":30,"minecraft:wheat":178,"minecraft:spruce_log":499,"minecraft:birch_leaves":2,"minecraft:grass":162,"minecraft:coal_ore":77,"minecraft:oak_log":121,"minecraft:dark_oak_sapling":12,"minecraft:acacia_fence":13,"minecraft:gravel":3,"minecraft:dirt":922,"minecraft:sand":112,"minecraft:acacia_door":1,"minecraft:acacia_planks":26,"minecraft:oak_leaves":34,"minecraft:deepslate":58},"minecraft:crafted":{"minecraft:smooth_stone":3,"minecraft:oak_planks":224,"minecraft:stone_shovel":4,"minecraft:dark_oak_boat":1,"minecraft:blast_furnace":1,"minecraft:stone":3,"minecraft:diamond_shovel":1,"minecraft:cooked_mutton":7,"minecraft:bow":1,"minecraft:iron_boots":1,"minecraft:iron_axe":1,"minecraft:chest":3,"minecraft:oak_button":32,"minecraft:dark_oak_planks":2076,"minecraft:stone_hoe":1,"minecraft:cooked_beef":38,"minecraft:emerald":221,"minecraft:cooked_porkchop":2,"minecraft:diamond_axe":1,"minecraft:crafting_table":4,"minecraft:spruce_planks":1052,"minecraft:wooden_pickaxe":1,"minecraft:iron_helmet":1,"minecraft:bucket":2,"minecraft:air":0,"minecraft:iron_chestplate":1,"minecraft:diamond_pickaxe":1,"minecraft:golden_apple":1,"minecraft:shield":1,"minecraft:stick":6612,"minecraft:iron_ingot":74,"minecraft:iron_pickaxe":1,"minecraft:wooden_axe":1,"minecraft:iron_leggings":1,"minecraft:gold_ingot":9,"minecraft:torch":8},"minecraft:broken":{"minecraft:stone_pickaxe":1,"minecraft:iron_axe":3,"minecraft:stone_axe":1,"minecraft:stone_shovel":3},"minecraft:used":{"minecraft:stone_shovel":508,"minecraft:chest":3,"minecraft:shield":28,"minecraft:rotten_flesh":27,"minecraft:stone_hoe":66,"minecraft:iron_chestplate":2,"minecraft:torch":31,"minecraft:dirt":354,"minecraft:carrot":2,"minecraft:milk_bucket":5,"minecraft:wooden_axe":17,"minecraft:lava_bucket":1,"minecraft:iron_axe":610,"minecraft:iron_helmet":3,"minecraft:iron_boots":1,"minecraft:dark_oak_boat":2,"minecraft:bow":123,"minecraft:oak_sapling":1,"minecraft:furnace":3,"minecraft:acacia_fence":1,"minecraft:egg":1,"minecraft:cooked_beef":32,"minecraft:cobbled_deepslate":1,"minecraft:dark_oak_sapling":91,"minecraft:iron_leggings":3,"minecraft:wheat_seeds":177,"minecraft:cooked_mutton":15,"minecraft:water_bucket":69,"minecraft:stone_pickaxe":219,"minecraft:oak_planks":5,"minecraft:wooden_pickaxe":51,"minecraft:sugar_cane":92,"minecraft:diamond_axe":999,"minecraft:glow_berries":10,"minecraft:sand":10,"minecraft:yellow_terracotta":1,"minecraft:blast_furnace":1,"minecraft:crafting_table":6,"minecraft:white_bed":2,"minecraft:spruce_log":3,"minecraft:smoker":1,"minecraft:oak_log":6,"minecraft:diamond_pickaxe":497,"minecraft:apple":1,"minecraft:diamond_shovel":1427,"minecraft:iron_pickaxe":109,"minecraft:melon_slice":4,"minecraft:spruce_sapling":30,"minecraft:stone_axe":64,"minecraft:acacia_pressure_plate":1,"minecraft:cobblestone":3,"minecraft:cooked_porkchop":10,"minecraft:andesite":9,"minecraft:bucket":72},"minecraft:dropped":{"minecraft:water_bucket":1,"minecraft:iron_ingot":11,"minecraft:moss_block":4,"minecraft:wheat_seeds":167,"minecraft:crafting_table":2,"minecraft:yellow_terracotta":3,"minecraft:oak_fence":10,"minecraft:cobblestone":9,"minecraft:activator_rail":3,"minecraft:acacia_log":1,"minecraft:rail":32,"minecraft:coal":62,"minecraft:golden_apple":5,"minecraft:emerald":129,"minecraft:lava_bucket":1,"minecraft:dirt":145,"minecraft:dark_oak_log":64,"minecraft:diorite":3,"minecraft:wooden_axe":4,"minecraft:flowering_azalea":3,"minecraft:sand":1,"minecraft:iron_axe":2,"minecraft:iron_pickaxe":2,"minecraft:smooth_stone":5,"minecraft:gravel":1,"minecraft:furnace":2,"minecraft:stone_axe":3,"minecraft:moss_carpet":3,"minecraft:raw_copper":4,"minecraft:bowl":5,"minecraft:wheat":1,"minecraft:raw_iron":56,"minecraft:pointed_dripstone":5,"minecraft:rotten_flesh":7,"minecraft:clay_ball":166,"minecraft:oak_planks":6,"minecraft:diamond_shovel":1,"minecraft:cooked_mutton":3,"minecraft:carrot":1,"minecraft:shield":2,"minecraft:gunpowder":3,"minecraft:spruce_planks":20,"minecraft:andesite":6,"minecraft:acacia_slab":64,"minecraft:azalea":3,"minecraft:oak_sapling":1,"minecraft:acacia_sapling":3,"minecraft:spruce_log":239,"minecraft:bow":1,"minecraft:wooden_pickaxe":2,"minecraft:raw_gold":4},"minecraft:custom":{"minecraft:mob_kills":95,"minecraft:animals_bred":44,"minecraft:interact_with_crafting_table":55,"minecraft:leave_game":11,"minecraft:time_since_death":108011,"minecraft:climb_one_cm":978,"minecraft:sprint_one_cm":633499,"minecraft:walk_one_cm":2309529,"minecraft:damage_blocked_by_shield":1991,"minecraft:drop":181,"minecraft:talked_to_villager":128,"minecraft:play_time":607420,"minecraft:sneak_time":11763,"minecraft:deaths":12,"minecraft:walk_under_water_one_cm":121114,"minecraft:boat_one_cm":544071,"minecraft:jump":5478,"minecraft:interact_with_blast_furnace":14,"minecraft:walk_on_water_one_cm":114827,"minecraft:total_world_time":607420,"minecraft:interact_with_furnace":115,"minecraft:traded_with_villager":224,"minecraft:sleep_in_bed":26,"minecraft:time_since_rest":108037,"minecraft:damage_taken":8335,"minecraft:damage_dealt":16635,"minecraft:swim_one_cm":25820,"minecraft:player_kills":1,"minecraft:fly_one_cm":171674,"minecraft:open_chest":125,"minecraft:crouch_one_cm":16626,"minecraft:interact_with_smoker":12,"minecraft:fall_one_cm":109230,"minecraft:interact_with_smithing_table":2},"minecraft:killed_by":{"minecraft:player":2,"minecraft:wolf":1,"minecraft:creeper":2,"minecraft:spider":1,"minecraft:iron_golem":1,"minecraft:skeleton":2},"minecraft:picked_up":{"minecraft:wooden_axe":8,"minecraft:iron_chestplate":4,"minecraft:crafting_table":8,"minecraft:wheat":187,"minecraft:clay_ball":249,"minecraft:wooden_pickaxe":4,"minecraft:acacia_pressure_plate":1,"minecraft:shield":7,"minecraft:string":12,"minecraft:moss_carpet":4,"minecraft:raw_copper":13,"minecraft:iron_axe":10,"minecraft:iron_leggings":4,"minecraft:activator_rail":6,"minecraft:diamond_leggings":2,"minecraft:smooth_stone":5,"minecraft:cobbled_deepslate":2,"minecraft:bucket":1,"minecraft:spruce_planks":45,"minecraft:beef":35,"minecraft:azalea":3,"minecraft:iron_pickaxe":6,"minecraft:sugar_cane":82,"minecraft:melon_slice":8,"minecraft:birch_sapling":12,"minecraft:furnace":12,"minecraft:iron_boots":3,"minecraft:egg":2,"minecraft:dark_oak_sapling":110,"minecraft:raw_iron":181,"minecraft:stick":723,"minecraft:acacia_fence":1,"minecraft:oak_fence":12,"minecraft:torch":64,"minecraft:bowl":5,"minecraft:acacia_log":6,"minecraft:pointed_dripstone":10,"minecraft:diorite":6,"minecraft:carrot":1,"minecraft:redstone":9,"minecraft:dark_oak_planks":72,"minecraft:tnt":1,"minecraft:arrow":50,"minecraft:stone_shovel":1,"minecraft:rotten_flesh":63,"minecraft:diamond_chestplate":2,"minecraft:tropical_fish":6,"minecraft:beetroot_seeds":6,"minecraft:diamond_boots":2,"minecraft:yellow_terracotta":6,"minecraft:mutton":11,"minecraft:obsidian":8,"minecraft:rail":88,"minecraft:white_wool":7,"minecraft:cobblestone":474,"minecraft:birch_log":99,"minecraft:cooked_beef":37,"minecraft:glow_ink_sac":28,"minecraft:water_bucket":2,"minecraft:andesite":26,"minecraft:leather":45,"minecraft:dark_oak_boat":2,"minecraft:oak_log":244,"minecraft:gunpowder":9,"minecraft:dirt":1888,"minecraft:cooked_mutton":16,"minecraft:bone":28,"minecraft:apple":46,"minecraft:bow":4,"minecraft:wheat_seeds":821,"minecraft:raw_gold":4,"minecraft:heart_of_the_sea":1,"minecraft:iron_ingot":23,"minecraft:stone_pickaxe":4,"minecraft:diamond_helmet":2,"minecraft:moss_block":12,"minecraft:oak_planks":13,"minecraft:flowering_azalea":5,"minecraft:stone_hoe":2,"minecraft:acacia_sapling":4,"minecraft:cooked_porkchop":14,"minecraft:dandelion":1,"minecraft:gravel":17,"minecraft:lava_bucket":1,"minecraft:sand":257,"minecraft:spruce_sapling":67,"minecraft:white_bed":2,"minecraft:spruce_log":993,"minecraft:dark_oak_log":811,"minecraft:diamond_shovel":2,"minecraft:pumpkin_seeds":6,"minecraft:slime_ball":8,"minecraft:diamond":6,"minecraft:stone_axe":9,"minecraft:iron_helmet":4,"minecraft:granite":57,"minecraft:diamond_axe":2,"minecraft:bone_meal":1,"minecraft:golden_apple":6,"minecraft:gray_wool":2,"minecraft:emerald":154,"minecraft:oak_sapling":60,"minecraft:acacia_slab":65,"minecraft:coal":363,"minecraft:diamond_pickaxe":1}},"DataVersion":3120}