{"stats":{"minecraft:dropped":{"minecraft:iron_ingot":11,"minecraft:moss_block":4,"minecraft:crafting_table":2,"minecraft:oak_fence":10,"minecraft:activator_rail":3,"minecraft:rail":32,"minecraft:golden_apple":5,"minecraft:coal":61,"minecraft:emerald":128,"minecraft:dark_oak_log":64,"minecraft:wooden_axe":4,"minecraft:flowering_azalea":3,"minecraft:iron_axe":2,"minecraft:iron_pickaxe":2,"minecraft:furnace":2,"minecraft:moss_carpet":3,"minecraft:stone_axe":3,"minecraft:raw_copper":4,"minecraft:raw_iron":56,"minecraft:rotten_flesh":2,"minecraft:clay_ball":166,"minecraft:oak_planks":1,"minecraft:cooked_mutton":3,"minecraft:carrot":1,"minecraft:shield":2,"minecraft:gunpowder":3,"minecraft:spruce_planks":20,"minecraft:andesite":4,"minecraft:acacia_slab":64,"minecraft:azalea":3,"minecraft:oak_sapling":1,"minecraft:spruce_log":47,"minecraft:wooden_pickaxe":2,"minecraft:raw_gold":4},"minecraft:picked_up":{"minecraft:wooden_axe":8,"minecraft:crafting_table":8,"minecraft:iron_chestplate":2,"minecraft:wheat":66,"minecraft:clay_ball":249,"minecraft:wooden_pickaxe":4,"minecraft:acacia_pressure_plate":1,"minecraft:shield":6,"minecraft:raw_copper":4,"minecraft:string":7,"minecraft:moss_carpet":4,"minecraft:iron_axe":9,"minecraft:iron_leggings":3,"minecraft:activator_rail":6,"minecraft:diamond_leggings":1,"minecraft:smooth_stone":5,"minecraft:spruce_planks":45,"minecraft:beef":2,"minecraft:azalea":3,"minecraft:iron_pickaxe":6,"minecraft:melon_slice":8,"minecraft:sugar_cane":82,"minecraft:birch_sapling":12,"minecraft:furnace":11,"minecraft:iron_boots":3,"minecraft:egg":2,"minecraft:dark_oak_sapling":101,"minecraft:stick":162,"minecraft:raw_iron":150,"minecraft:acacia_fence":1,"minecraft:oak_fence":12,"minecraft:torch":59,"minecraft:acacia_log":4,"minecraft:diorite":3,"minecraft:carrot":1,"minecraft:redstone":9,"minecraft:dark_oak_planks":71,"minecraft:tnt":1,"minecraft:diamond_chestplate":1,"minecraft:arrow":33,"minecraft:rotten_flesh":55,"minecraft:stone_shovel":1,"minecraft:tropical_fish":6,"minecraft:beetroot_seeds":6,"minecraft:diamond_boots":1,"minecraft:yellow_terracotta":3,"minecraft:mutton":11,"minecraft:rail":86,"minecraft:white_wool":7,"minecraft:cobblestone":333,"minecraft:birch_log":99,"minecraft:cooked_beef":13,"minecraft:glow_ink_sac":28,"minecraft:water_bucket":2,"minecraft:andesite":24,"minecraft:leather":4,"minecraft:dark_oak_boat":2,"minecraft:oak_log":244,"minecraft:gunpowder":9,"minecraft:dirt":1142,"minecraft:cooked_mutton":16,"minecraft:bone":20,"minecraft:apple":36,"minecraft:bow":3,"minecraft:wheat_seeds":444,"minecraft:raw_gold":4,"minecraft:heart_of_the_sea":1,"minecraft:iron_ingot":17,"minecraft:stone_pickaxe":4,"minecraft:diamond_helmet":1,"minecraft:moss_block":12,"minecraft:stone_hoe":1,"minecraft:oak_planks":3,"minecraft:flowering_azalea":5,"minecraft:cooked_porkchop":14,"minecraft:dandelion":1,"minecraft:gravel":15,"minecraft:sand":255,"minecraft:spruce_sapling":9,"minecraft:white_bed":2,"minecraft:spruce_log":225,"minecraft:dark_oak_log":811,"minecraft:pumpkin_seeds":6,"minecraft:slime_ball":8,"minecraft:diamond":4,"minecraft:stone_axe":9,"minecraft:iron_helmet":3,"minecraft:granite":2,"minecraft:diamond_axe":1,"minecraft:bone_meal":1,"minecraft:golden_apple":6,"minecraft:gray_wool":2,"minecraft:emerald":119,"minecraft:oak_sapling":60,"minecraft:acacia_slab":65,"minecraft:coal":361},"minecraft:mined":{"minecraft:dark_oak_planks":1,"minecraft:spruce_planks":2,"minecraft:dark_oak_leaves":46,"minecraft:dark_oak_log":659,"minecraft:glow_lichen":1,"minecraft:granite":2,"minecraft:grass_block":367,"minecraft:spruce_leaves":6,"minecraft:moss_block":2,"minecraft:acacia_pressure_plate":1,"minecraft:spruce_sapling":3,"minecraft:iron_ore":66,"minecraft:fire":8,"minecraft:andesite":27,"minecraft:stone":204,"minecraft:podzol":9,"minecraft:flowering_azalea":2,"minecraft:powder_snow":2,"minecraft:clay":5,"minecraft:crafting_table":3,"minecraft:torch":8,"minecraft:cobblestone":6,"minecraft:sugar_cane":57,"minecraft:diorite":2,"minecraft:wall_torch":4,"minecraft:birch_log":30,"minecraft:wheat":53,"minecraft:spruce_log":110,"minecraft:birch_leaves":2,"minecraft:grass":108,"minecraft:oak_log":121,"minecraft:coal_ore":54,"minecraft:sand":107,"minecraft:dark_oak_sapling":11,"minecraft:gravel":2,"minecraft:dirt":490,"minecraft:oak_leaves":34},"minecraft:killed":{"minecraft:spider":5,"minecraft:slime":3,"minecraft:skeleton":3,"minecraft:wolf":1,"minecraft:iron_golem":1,"minecraft:creeper":3,"minecraft:sheep":5,"minecraft:pillager":1,"minecraft:zombie":20,"minecraft:enderman":1,"minecraft:cow":1},"minecraft:used":{"minecraft:stone_shovel":508,"minecraft:chest":2,"minecraft:shield":12,"minecraft:rotten_flesh":27,"minecraft:stone_hoe":66,"minecraft:iron_chestplate":2,"minecraft:torch":22,"minecraft:dirt":123,"minecraft:milk_bucket":5,"minecraft:wooden_axe":17,"minecraft:iron_axe":610,"minecraft:iron_helmet":3,"minecraft:iron_boots":1,"minecraft:dark_oak_boat":2,"minecraft:bow":5,"minecraft:furnace":3,"minecraft:oak_sapling":1,"minecraft:acacia_fence":1,"minecraft:egg":1,"minecraft:cooked_beef":13,"minecraft:iron_leggings":3,"minecraft:dark_oak_sapling":83,"minecraft:wheat_seeds":97,"minecraft:cooked_mutton":15,"minecraft:water_bucket":4,"minecraft:stone_pickaxe":219,"minecraft:oak_planks":3,"minecraft:wooden_pickaxe":51,"minecraft:sugar_cane":92,"minecraft:diamond_axe":383,"minecraft:sand":9,"minecraft:yellow_terracotta":1,"minecraft:crafting_table":5,"minecraft:white_bed":2,"minecraft:oak_log":6,"minecraft:apple":1,"minecraft:diamond_shovel":427,"minecraft:melon_slice":4,"minecraft:iron_pickaxe":109,"minecraft:spruce_sapling":3,"minecraft:stone_axe":64,"minecraft:acacia_pressure_plate":1,"minecraft:cobblestone":3,"minecraft:cooked_porkchop":5,"minecraft:andesite":9,"minecraft:bucket":5},"minecraft:killed_by":{"minecraft:player":2,"minecraft:wolf":1,"minecraft:creeper":2,"minecraft:spider":1,"minecraft:skeleton":2},"minecraft:custom":{"minecraft:interact_with_smithing_table":2,"minecraft:mob_kills":44,"minecraft:animals_bred":20,"minecraft:interact_with_crafting_table":44,"minecraft:leave_game":6,"minecraft:time_since_death":54914,"minecraft:climb_one_cm":978,"minecraft:sprint_one_cm":447598,"minecraft:walk_one_cm":1566013,"minecraft:damage_blocked_by_shield":735,"minecraft:drop":133,"minecraft:talked_to_villager":98,"minecraft:play_time":426829,"minecraft:deaths":11,"minecraft:sneak_time":6830,"minecraft:walk_under_water_one_cm":39202,"minecraft:boat_one_cm":544071,"minecraft:jump":3683,"minecraft:interact_with_blast_furnace":1,"minecraft:walk_on_water_one_cm":72368,"minecraft:total_world_time":426829,"minecraft:interact_with_furnace":68,"minecraft:traded_with_villager":177,"minecraft:sleep_in_bed":21,"minecraft:time_since_rest":14310,"minecraft:damage_taken":6200,"minecraft:damage_dealt":8432,"minecraft:swim_one_cm":24335,"minecraft:player_kills":1,"minecraft:fly_one_cm":127957,"minecraft:open_chest":78,"minecraft:crouch_one_cm":10545,"minecraft:fall_one_cm":76563},"minecraft:crafted":{"minecraft:oak_planks":224,"minecraft:stone_shovel":4,"minecraft:dark_oak_boat":1,"minecraft:diamond_shovel":1,"minecraft:cooked_mutton":7,"minecraft:bow":1,"minecraft:iron_boots":1,"minecraft:iron_axe":1,"minecraft:chest":3,"minecraft:oak_button":32,"minecraft:dark_oak_planks":2076,"minecraft:stone_hoe":1,"minecraft:cooked_beef":7,"minecraft:emerald":175,"minecraft:cooked_porkchop":2,"minecraft:diamond_axe":1,"minecraft:crafting_table":3,"minecraft:spruce_planks":288,"minecraft:wooden_pickaxe":1,"minecraft:iron_helmet":1,"minecraft:air":0,"minecraft:iron_chestplate":1,"minecraft:shield":1,"minecraft:stick":5080,"minecraft:iron_ingot":28,"minecraft:iron_pickaxe":1,"minecraft:wooden_axe":1,"minecraft:iron_leggings":1,"minecraft:torch":4},"minecraft:broken":{"minecraft:stone_pickaxe":1,"minecraft:iron_axe":3,"minecraft:stone_axe":1,"minecraft:stone_shovel":3}},"DataVersion":3120}