{"stats":{"minecraft:dropped":{"minecraft:iron_ingot":11,"minecraft:moss_block":4,"minecraft:crafting_table":2,"minecraft:oak_fence":10,"minecraft:activator_rail":3,"minecraft:rail":32,"minecraft:golden_apple":5,"minecraft:coal":61,"minecraft:wooden_axe":4,"minecraft:flowering_azalea":3,"minecraft:iron_axe":2,"minecraft:iron_pickaxe":2,"minecraft:furnace":2,"minecraft:moss_carpet":3,"minecraft:stone_axe":3,"minecraft:raw_copper":4,"minecraft:raw_iron":56,"minecraft:rotten_flesh":2,"minecraft:clay_ball":166,"minecraft:oak_planks":1,"minecraft:cooked_mutton":3,"minecraft:carrot":1,"minecraft:shield":2,"minecraft:gunpowder":3,"minecraft:spruce_planks":20,"minecraft:andesite":4,"minecraft:acacia_slab":64,"minecraft:azalea":3,"minecraft:oak_sapling":1,"minecraft:spruce_log":18,"minecraft:wooden_pickaxe":2,"minecraft:raw_gold":4},"minecraft:picked_up":{"minecraft:wooden_axe":8,"minecraft:crafting_table":8,"minecraft:iron_chestplate":2,"minecraft:wheat":40,"minecraft:clay_ball":249,"minecraft:wooden_pickaxe":4,"minecraft:acacia_pressure_plate":1,"minecraft:shield":6,"minecraft:raw_copper":4,"minecraft:string":6,"minecraft:moss_carpet":4,"minecraft:iron_axe":9,"minecraft:iron_leggings":3,"minecraft:activator_rail":6,"minecraft:smooth_stone":5,"minecraft:spruce_planks":45,"minecraft:beef":2,"minecraft:azalea":3,"minecraft:iron_pickaxe":6,"minecraft:melon_slice":8,"minecraft:sugar_cane":82,"minecraft:birch_sapling":12,"minecraft:furnace":11,"minecraft:iron_boots":3,"minecraft:egg":2,"minecraft:dark_oak_sapling":85,"minecraft:stick":147,"minecraft:raw_iron":150,"minecraft:acacia_fence":1,"minecraft:oak_fence":12,"minecraft:torch":59,"minecraft:acacia_log":4,"minecraft:diorite":3,"minecraft:carrot":1,"minecraft:redstone":9,"minecraft:dark_oak_planks":71,"minecraft:tnt":1,"minecraft:arrow":33,"minecraft:rotten_flesh":54,"minecraft:stone_shovel":1,"minecraft:tropical_fish":6,"minecraft:beetroot_seeds":6,"minecraft:yellow_terracotta":3,"minecraft:mutton":11,"minecraft:rail":86,"minecraft:white_wool":7,"minecraft:cobblestone":219,"minecraft:birch_log":99,"minecraft:cooked_beef":13,"minecraft:glow_ink_sac":28,"minecraft:water_bucket":2,"minecraft:andesite":24,"minecraft:leather":4,"minecraft:dark_oak_boat":2,"minecraft:oak_log":244,"minecraft:gunpowder":9,"minecraft:dirt":629,"minecraft:cooked_mutton":16,"minecraft:bone":20,"minecraft:apple":34,"minecraft:bow":3,"minecraft:wheat_seeds":359,"minecraft:raw_gold":4,"minecraft:heart_of_the_sea":1,"minecraft:iron_ingot":17,"minecraft:stone_pickaxe":4,"minecraft:moss_block":12,"minecraft:stone_hoe":1,"minecraft:oak_planks":3,"minecraft:flowering_azalea":5,"minecraft:cooked_porkchop":14,"minecraft:gravel":15,"minecraft:sand":255,"minecraft:spruce_sapling":9,"minecraft:white_bed":2,"minecraft:spruce_log":225,"minecraft:dark_oak_log":731,"minecraft:pumpkin_seeds":6,"minecraft:slime_ball":8,"minecraft:diamond":4,"minecraft:stone_axe":9,"minecraft:iron_helmet":3,"minecraft:granite":2,"minecraft:diamond_axe":1,"minecraft:bone_meal":1,"minecraft:golden_apple":6,"minecraft:gray_wool":2,"minecraft:emerald":119,"minecraft:oak_sapling":60,"minecraft:acacia_slab":65,"minecraft:coal":352},"minecraft:mined":{"minecraft:dark_oak_planks":1,"minecraft:spruce_planks":2,"minecraft:dark_oak_leaves":45,"minecraft:dark_oak_log":577,"minecraft:glow_lichen":1,"minecraft:granite":2,"minecraft:grass_block":161,"minecraft:spruce_leaves":6,"minecraft:moss_block":2,"minecraft:acacia_pressure_plate":1,"minecraft:spruce_sapling":3,"minecraft:iron_ore":66,"minecraft:fire":8,"minecraft:andesite":27,"minecraft:stone":88,"minecraft:podzol":9,"minecraft:flowering_azalea":2,"minecraft:powder_snow":2,"minecraft:clay":5,"minecraft:crafting_table":3,"minecraft:torch":8,"minecraft:cobblestone":6,"minecraft:sugar_cane":57,"minecraft:diorite":2,"minecraft:wall_torch":4,"minecraft:birch_log":30,"minecraft:wheat":26,"minecraft:spruce_log":110,"minecraft:birch_leaves":2,"minecraft:grass":63,"minecraft:oak_log":121,"minecraft:coal_ore":40,"minecraft:sand":107,"minecraft:dark_oak_sapling":7,"minecraft:gravel":2,"minecraft:dirt":157,"minecraft:oak_leaves":34},"minecraft:killed":{"minecraft:spider":4,"minecraft:slime":3,"minecraft:skeleton":3,"minecraft:wolf":1,"minecraft:iron_golem":1,"minecraft:creeper":3,"minecraft:sheep":5,"minecraft:pillager":1,"minecraft:zombie":20,"minecraft:cow":1},"minecraft:used":{"minecraft:stone_shovel":382,"minecraft:chest":2,"minecraft:shield":6,"minecraft:rotten_flesh":24,"minecraft:stone_hoe":44,"minecraft:iron_chestplate":2,"minecraft:torch":21,"minecraft:dirt":113,"minecraft:milk_bucket":5,"minecraft:wooden_axe":17,"minecraft:iron_axe":610,"minecraft:iron_helmet":3,"minecraft:iron_boots":1,"minecraft:dark_oak_boat":2,"minecraft:bow":5,"minecraft:furnace":3,"minecraft:oak_sapling":1,"minecraft:acacia_fence":1,"minecraft:egg":1,"minecraft:cooked_beef":13,"minecraft:iron_leggings":3,"minecraft:dark_oak_sapling":64,"minecraft:wheat_seeds":51,"minecraft:cooked_mutton":15,"minecraft:water_bucket":4,"minecraft:stone_pickaxe":88,"minecraft:oak_planks":3,"minecraft:wooden_pickaxe":51,"minecraft:sugar_cane":92,"minecraft:diamond_axe":289,"minecraft:sand":9,"minecraft:yellow_terracotta":1,"minecraft:crafting_table":5,"minecraft:white_bed":2,"minecraft:oak_log":6,"minecraft:apple":1,"minecraft:melon_slice":4,"minecraft:iron_pickaxe":109,"minecraft:spruce_sapling":3,"minecraft:stone_axe":64,"minecraft:acacia_pressure_plate":1,"minecraft:cobblestone":3,"minecraft:cooked_porkchop":5,"minecraft:andesite":9,"minecraft:bucket":5},"minecraft:killed_by":{"minecraft:player":2,"minecraft:wolf":1,"minecraft:creeper":2,"minecraft:spider":1,"minecraft:skeleton":2},"minecraft:custom":{"minecraft:interact_with_smithing_table":2,"minecraft:mob_kills":42,"minecraft:animals_bred":10,"minecraft:interact_with_crafting_table":41,"minecraft:leave_game":6,"minecraft:time_since_death":24914,"minecraft:climb_one_cm":978,"minecraft:sprint_one_cm":413962,"minecraft:walk_one_cm":1450937,"minecraft:damage_blocked_by_shield":315,"minecraft:drop":129,"minecraft:talked_to_villager":87,"minecraft:play_time":396829,"minecraft:deaths":11,"minecraft:sneak_time":6643,"minecraft:walk_under_water_one_cm":39202,"minecraft:boat_one_cm":544071,"minecraft:jump":3467,"minecraft:walk_on_water_one_cm":72296,"minecraft:total_world_time":396829,"minecraft:interact_with_furnace":68,"minecraft:traded_with_villager":157,"minecraft:sleep_in_bed":17,"minecraft:time_since_rest":1714,"minecraft:damage_taken":6060,"minecraft:damage_dealt":7872,"minecraft:swim_one_cm":24335,"minecraft:player_kills":1,"minecraft:fly_one_cm":123573,"minecraft:open_chest":74,"minecraft:crouch_one_cm":10215,"minecraft:fall_one_cm":73885},"minecraft:crafted":{"minecraft:oak_planks":224,"minecraft:stone_shovel":4,"minecraft:dark_oak_boat":1,"minecraft:cooked_mutton":7,"minecraft:iron_boots":1,"minecraft:iron_axe":1,"minecraft:chest":3,"minecraft:oak_button":32,"minecraft:dark_oak_planks":1824,"minecraft:stone_hoe":1,"minecraft:cooked_beef":7,"minecraft:emerald":156,"minecraft:cooked_porkchop":2,"minecraft:diamond_axe":1,"minecraft:crafting_table":3,"minecraft:spruce_planks":288,"minecraft:wooden_pickaxe":1,"minecraft:iron_helmet":1,"minecraft:air":0,"minecraft:iron_chestplate":1,"minecraft:shield":1,"minecraft:stick":4584,"minecraft:iron_ingot":28,"minecraft:iron_pickaxe":1,"minecraft:wooden_axe":1,"minecraft:iron_leggings":1,"minecraft:torch":4},"minecraft:broken":{"minecraft:iron_axe":3,"minecraft:stone_axe":1,"minecraft:stone_shovel":2}},"DataVersion":3120}