{"stats":{"minecraft:dropped":{"minecraft:iron_ingot":2,"minecraft:furnace":1,"minecraft:stone_axe":1,"minecraft:moss_block":4,"minecraft:raw_copper":4,"minecraft:crafting_table":2,"minecraft:raw_iron":14,"minecraft:oak_fence":2,"minecraft:rotten_flesh":2,"minecraft:clay_ball":83,"minecraft:activator_rail":3,"minecraft:rail":16,"minecraft:coal":61,"minecraft:golden_apple":2,"minecraft:gunpowder":3,"minecraft:spruce_planks":20,"minecraft:wooden_axe":2,"minecraft:azalea":2,"minecraft:spruce_log":9,"minecraft:wooden_pickaxe":1,"minecraft:iron_pickaxe":1},"minecraft:picked_up":{"minecraft:wooden_axe":2,"minecraft:crafting_table":3,"minecraft:clay_ball":83,"minecraft:andesite":4,"minecraft:wooden_pickaxe":2,"minecraft:shield":3,"minecraft:gunpowder":4,"minecraft:raw_copper":4,"minecraft:activator_rail":3,"minecraft:spruce_planks":20,"minecraft:iron_ingot":4,"minecraft:stone_pickaxe":3,"minecraft:azalea":2,"minecraft:iron_pickaxe":1,"minecraft:moss_block":4,"minecraft:oak_planks":2,"minecraft:flowering_azalea":2,"minecraft:furnace":1,"minecraft:stick":3,"minecraft:raw_iron":23,"minecraft:oak_fence":2,"minecraft:torch":24,"minecraft:gravel":4,"minecraft:spruce_log":22,"minecraft:redstone":9,"minecraft:pumpkin_seeds":3,"minecraft:rotten_flesh":3,"minecraft:stone_axe":4,"minecraft:tropical_fish":5,"minecraft:beetroot_seeds":3,"minecraft:golden_apple":2,"minecraft:coal":77,"minecraft:rail":16,"minecraft:cobblestone":92},"minecraft:mined":{"minecraft:clay":5,"minecraft:crafting_table":1,"minecraft:torch":1,"minecraft:spruce_leaves":3,"minecraft:iron_ore":12,"minecraft:spruce_log":13,"minecraft:andesite":1,"minecraft:coal_ore":33,"minecraft:gravel":2,"minecraft:stone":47},"minecraft:killed":{"minecraft:creeper":1,"minecraft:zombie":1},"minecraft:used":{"minecraft:stone_pickaxe":50,"minecraft:oak_planks":2,"minecraft:wooden_pickaxe":50,"minecraft:torch":4,"minecraft:crafting_table":1,"minecraft:wooden_axe":13,"minecraft:stone_axe":1,"minecraft:cobblestone":1},"minecraft:killed_by":{"minecraft:player":1},"minecraft:custom":{"minecraft:interact_with_furnace":2,"minecraft:mob_kills":2,"minecraft:interact_with_crafting_table":2,"minecraft:leave_game":2,"minecraft:time_since_death":9806,"minecraft:climb_one_cm":96,"minecraft:time_since_rest":9884,"minecraft:sprint_one_cm":2110,"minecraft:damage_taken":340,"minecraft:walk_one_cm":126531,"minecraft:drop":24,"minecraft:damage_dealt":395,"minecraft:fly_one_cm":905,"minecraft:player_kills":1,"minecraft:crouch_one_cm":1365,"minecraft:play_time":31327,"minecraft:deaths":1,"minecraft:sneak_time":795,"minecraft:walk_under_water_one_cm":1468,"minecraft:jump":322,"minecraft:walk_on_water_one_cm":4091,"minecraft:total_world_time":31327,"minecraft:fall_one_cm":11010},"minecraft:crafted":{"minecraft:crafting_table":1,"minecraft:spruce_planks":16,"minecraft:wooden_pickaxe":1,"minecraft:stick":8,"minecraft:wooden_axe":1,"minecraft:torch":4}},"DataVersion":3120}