{"stats":{"minecraft:killed":{"minecraft:spider":4,"minecraft:zombie":4},"minecraft:used":{"minecraft:water_bucket":2,"minecraft:stone_sword":45,"minecraft:iron_shovel":187,"minecraft:stone_shovel":231,"minecraft:stone_pickaxe":138,"minecraft:wooden_pickaxe":41,"minecraft:iron_sword":6,"minecraft:sugar_cane":6,"minecraft:iron_chestplate":1,"minecraft:torch":6,"minecraft:dark_oak_trapdoor":2,"minecraft:dirt":83,"minecraft:crafting_table":5,"minecraft:golden_shovel":33,"minecraft:shears":3,"minecraft:lever":1,"minecraft:dark_oak_planks":50,"minecraft:wooden_hoe":52,"minecraft:iron_axe":122,"minecraft:bread":37,"minecraft:string":14,"minecraft:bamboo":55,"minecraft:stone_axe":58,"minecraft:tripwire_hook":2,"minecraft:cobblestone":96,"minecraft:furnace":1,"minecraft:bucket":2},"minecraft:custom":{"minecraft:interact_with_furnace":3,"minecraft:mob_kills":8,"minecraft:interact_with_crafting_table":24,"minecraft:leave_game":2,"minecraft:time_since_death":81770,"minecraft:sleep_in_bed":3,"minecraft:time_since_rest":3418,"minecraft:sprint_one_cm":189412,"minecraft:damage_taken":1529,"minecraft:walk_one_cm":141518,"minecraft:drop":60,"minecraft:damage_dealt":2459,"minecraft:swim_one_cm":27847,"minecraft:fly_one_cm":240757,"minecraft:talked_to_villager":1,"minecraft:player_kills":4,"minecraft:open_chest":24,"minecraft:crouch_one_cm":72636,"minecraft:play_time":81770,"minecraft:sneak_time":21159,"minecraft:walk_under_water_one_cm":3451,"minecraft:jump":1206,"minecraft:walk_on_water_one_cm":14658,"minecraft:total_world_time":81770,"minecraft:fall_one_cm":26662},"minecraft:dropped":{"minecraft:bread":42,"minecraft:iron_ingot":1,"minecraft:iron_sword":2,"minecraft:stone_axe":3,"minecraft:porkchop":1,"minecraft:wheat_seeds":33,"minecraft:stone_sword":1,"minecraft:wheat":1,"minecraft:stone_shovel":1,"minecraft:iron_helmet":2,"minecraft:yellow_terracotta":7,"minecraft:cobblestone":1,"minecraft:rotten_flesh":5,"minecraft:white_bed":2,"minecraft:acacia_stairs":1,"minecraft:carrot":5,"minecraft:coal":1,"minecraft:dirt":177,"minecraft:shield":1,"minecraft:iron_chestplate":1,"minecraft:melon_seeds":19,"minecraft:acacia_sapling":2,"minecraft:iron_leggings":1,"minecraft:bamboo":3,"minecraft:arrow":1,"minecraft:sand":2,"minecraft:iron_pickaxe":1,"minecraft:iron_shovel":1,"minecraft:acacia_fence":2},"minecraft:mined":{"minecraft:dark_oak_planks":8,"minecraft:yellow_terracotta":12,"minecraft:farmland":23,"minecraft:glass_pane":1,"minecraft:crafting_table":1,"minecraft:torch":2,"minecraft:acacia_log":30,"minecraft:grass_block":212,"minecraft:tall_grass":1,"minecraft:cobblestone":9,"minecraft:acacia_slab":36,"minecraft:acacia_pressure_plate":1,"minecraft:sugar_cane":3,"minecraft:hay_block":46,"minecraft:tall_seagrass":1,"minecraft:acacia_fence_gate":1,"minecraft:wheat":2,"minecraft:barrel":1,"minecraft:acacia_stairs":34,"minecraft:grass":116,"minecraft:coal_ore":4,"minecraft:dirt_path":70,"minecraft:acacia_fence":28,"minecraft:acacia_door":1,"minecraft:sand":2,"minecraft:dirt":115,"minecraft:bamboo_sapling":1,"minecraft:bamboo":24,"minecraft:acacia_planks":27,"minecraft:stone":115,"minecraft:tripwire":2},"minecraft:crafted":{"minecraft:stone_shovel":3,"minecraft:tripwire_hook":2,"minecraft:crafting_table":4,"minecraft:wooden_pickaxe":2,"minecraft:furnace":1,"minecraft:dark_oak_trapdoor":2,"minecraft:lever":1,"minecraft:stone_axe":2,"minecraft:bread":138,"minecraft:air":0,"minecraft:iron_chestplate":1,"minecraft:wooden_hoe":1,"minecraft:iron_axe":1,"minecraft:stick":28,"minecraft:iron_ingot":4,"minecraft:stone_pickaxe":2,"minecraft:stone_sword":1,"minecraft:acacia_planks":16,"minecraft:dark_oak_planks":256,"minecraft:torch":4,"minecraft:shears":1,"minecraft:wheat":414},"minecraft:broken":{"minecraft:stone_pickaxe":1,"minecraft:golden_helmet":1,"minecraft:iron_shovel":1,"minecraft:golden_shovel":1,"minecraft:stone_shovel":1,"minecraft:wooden_pickaxe":1},"minecraft:picked_up":{"minecraft:iron_chestplate":1,"minecraft:crafting_table":1,"minecraft:wheat":2,"minecraft:shield":1,"minecraft:cornflower":6,"minecraft:dirt":613,"minecraft:string":20,"minecraft:acacia_door":1,"minecraft:iron_leggings":1,"minecraft:iron_shovel":2,"minecraft:acacia_planks":26,"minecraft:wheat_seeds":44,"minecraft:bucket":1,"minecraft:acacia_fence_gate":1,"minecraft:iron_ingot":13,"minecraft:beef":7,"minecraft:iron_pickaxe":1,"minecraft:bamboo":48,"minecraft:sugar_cane":6,"minecraft:iron_sword":3,"minecraft:acacia_sapling":3,"minecraft:stick":6,"minecraft:raw_iron":2,"minecraft:acacia_fence":29,"minecraft:torch":4,"minecraft:acacia_log":29,"minecraft:porkchop":1,"minecraft:sand":2,"minecraft:white_bed":7,"minecraft:carrot":5,"minecraft:acacia_stairs":27,"minecraft:dark_oak_log":64,"minecraft:spider_eye":1,"minecraft:barrel":1,"minecraft:dark_oak_planks":8,"minecraft:orange_bed":1,"minecraft:rotten_flesh":7,"minecraft:stone_shovel":2,"minecraft:stone_axe":1,"minecraft:iron_helmet":2,"minecraft:hay_block":46,"minecraft:yellow_terracotta":18,"minecraft:bread":3,"minecraft:acacia_slab":40,"minecraft:melon_seeds":19,"minecraft:black_wool":1,"minecraft:coal":4,"minecraft:cobblestone":126}},"DataVersion":3120}