{"stats":{"minecraft:killed":{"minecraft:spider":10,"minecraft:skeleton":3,"minecraft:iron_golem":3,"minecraft:wandering_trader":1,"minecraft:creeper":1,"minecraft:trader_llama":1,"minecraft:zombie":20},"minecraft:mined":{"minecraft:dark_oak_planks":12,"minecraft:yellow_terracotta":23,"minecraft:tuff":3,"minecraft:white_bed":7,"minecraft:farmland":23,"minecraft:dark_oak_leaves":45,"minecraft:deepslate_diamond_ore":10,"minecraft:dark_oak_log":473,"minecraft:obsidian":1,"minecraft:granite":23,"minecraft:acacia_log":107,"minecraft:grass_block":257,"minecraft:redstone_wire":4,"minecraft:acacia_slab":42,"minecraft:composter":5,"minecraft:acacia_pressure_plate":1,"minecraft:hay_block":46,"minecraft:tall_seagrass":1,"minecraft:redstone_ore":1,"minecraft:furnace":3,"minecraft:iron_ore":3,"minecraft:barrel":1,"minecraft:acacia_stairs":96,"minecraft:fletching_table":5,"minecraft:deepslate_iron_ore":30,"minecraft:dirt_path":106,"minecraft:bamboo_sapling":1,"minecraft:bamboo":79,"minecraft:stone":173,"minecraft:tripwire":2,"minecraft:orange_bed":3,"minecraft:smithing_table":2,"minecraft:deepslate_redstone_ore":37,"minecraft:glass_pane":4,"minecraft:smoker":1,"minecraft:orange_terracotta":8,"minecraft:crafting_table":4,"minecraft:torch":8,"minecraft:blast_furnace":2,"minecraft:chest":1,"minecraft:lectern":32,"minecraft:copper_ore":3,"minecraft:tall_grass":1,"minecraft:cobblestone":54,"minecraft:deepslate_gold_ore":30,"minecraft:grindstone":3,"minecraft:sugar_cane":72,"minecraft:diorite":9,"minecraft:wall_torch":8,"minecraft:dark_oak_slab":30,"minecraft:cobblestone_wall":5,"minecraft:acacia_fence_gate":1,"minecraft:wheat":2,"minecraft:brown_wall_banner":2,"minecraft:spruce_log":461,"minecraft:smooth_stone_slab":4,"minecraft:grass":174,"minecraft:coal_ore":38,"minecraft:dark_oak_sapling":2,"minecraft:acacia_fence":54,"minecraft:gravel":69,"minecraft:acacia_door":2,"minecraft:sand":4,"minecraft:dirt":166,"minecraft:acacia_planks":78,"minecraft:deepslate":19},"minecraft:crafted":{"minecraft:golden_carrot":21,"minecraft:stone_shovel":3,"minecraft:tripwire_hook":2,"minecraft:spruce_button":64,"minecraft:furnace":3,"minecraft:dark_oak_trapdoor":2,"minecraft:stone":3,"minecraft:lever":1,"minecraft:diamond_helmet":1,"minecraft:bow":1,"minecraft:diamond_leggings":1,"minecraft:iron_axe":1,"minecraft:stone_pickaxe":2,"minecraft:chest":5,"minecraft:diamond_boots":1,"minecraft:dark_oak_planks":2148,"minecraft:chainmail_leggings":1,"minecraft:wheat":414,"minecraft:arrow":96,"minecraft:emerald":246,"minecraft:diamond_axe":1,"minecraft:crafting_table":5,"minecraft:spruce_planks":1932,"minecraft:acacia_slab":12,"minecraft:wooden_pickaxe":2,"minecraft:chainmail_chestplate":2,"minecraft:fletching_table":2,"minecraft:bucket":1,"minecraft:stone_axe":3,"minecraft:bread":216,"minecraft:air":0,"minecraft:iron_chestplate":1,"minecraft:wooden_hoe":1,"minecraft:diamond_pickaxe":1,"minecraft:shield":1,"minecraft:stick":8032,"minecraft:iron_ingot":20,"minecraft:stone_sword":2,"minecraft:iron_shovel":1,"minecraft:gold_ingot":12,"minecraft:composter":2,"minecraft:acacia_planks":288,"minecraft:torch":20,"minecraft:shears":1,"minecraft:diamond_chestplate":1},"minecraft:broken":{"minecraft:golden_helmet":1,"minecraft:iron_shovel":1,"minecraft:golden_shovel":1,"minecraft:wooden_pickaxe":1,"minecraft:stone_pickaxe":1,"minecraft:iron_axe":1,"minecraft:iron_sword":1,"minecraft:stone_shovel":1},"minecraft:used":{"minecraft:stone_sword":47,"minecraft:iron_shovel":381,"minecraft:stone_shovel":338,"minecraft:chest":6,"minecraft:iron_sword":44,"minecraft:iron_chestplate":1,"minecraft:orange_bed":3,"minecraft:torch":30,"minecraft:dirt":254,"minecraft:diamond_helmet":1,"minecraft:golden_shovel":33,"minecraft:dark_oak_planks":50,"minecraft:iron_axe":244,"minecraft:dark_oak_slab":2,"minecraft:bamboo":55,"minecraft:tripwire_hook":2,"minecraft:bow":18,"minecraft:furnace":4,"minecraft:egg":1,"minecraft:dark_oak_sapling":26,"minecraft:water_bucket":35,"minecraft:stone_pickaxe":144,"minecraft:wooden_pickaxe":41,"minecraft:composter":6,"minecraft:sugar_cane":14,"minecraft:diamond_axe":1135,"minecraft:fletching_table":7,"minecraft:dark_oak_trapdoor":2,"minecraft:crafting_table":7,"minecraft:blast_furnace":2,"minecraft:white_bed":7,"minecraft:shears":3,"minecraft:wooden_hoe":52,"minecraft:lever":1,"minecraft:diamond_pickaxe":344,"minecraft:dark_oak_log":1,"minecraft:suspicious_stew":1,"minecraft:bread":92,"minecraft:string":14,"minecraft:lectern":33,"minecraft:spruce_sapling":4,"minecraft:gravel":63,"minecraft:stone_axe":162,"minecraft:cobblestone":264,"minecraft:grindstone":3,"minecraft:smithing_table":2,"minecraft:bucket":36},"minecraft:dropped":{"minecraft:iron_ingot":1,"minecraft:bread":86,"minecraft:iron_sword":2,"minecraft:porkchop":1,"minecraft:wheat_seeds":34,"minecraft:diamond_axe":1,"minecraft:glow_ink_sac":2,"minecraft:cookie":16,"minecraft:yellow_terracotta":7,"minecraft:iron_helmet":2,"minecraft:cobblestone":1,"minecraft:leather":22,"minecraft:apple":1,"minecraft:spruce_button":128,"minecraft:coal":1,"minecraft:stick":3,"minecraft:emerald":31,"minecraft:dirt":179,"minecraft:torch":2,"minecraft:iron_leggings":1,"minecraft:sand":2,"minecraft:iron_pickaxe":1,"minecraft:smooth_stone":5,"minecraft:iron_shovel":1,"minecraft:chainmail_leggings":1,"minecraft:stone_axe":4,"minecraft:stone_sword":1,"minecraft:cobbled_deepslate":2,"minecraft:bowl":1,"minecraft:tuff":4,"minecraft:wheat":1,"minecraft:stone_shovel":1,"minecraft:rotten_flesh":9,"minecraft:iron_boots":2,"minecraft:white_bed":2,"minecraft:acacia_stairs":1,"minecraft:carrot":5,"minecraft:poppy":5,"minecraft:shield":1,"minecraft:spruce_planks":4,"minecraft:iron_chestplate":2,"minecraft:melon_seeds":19,"minecraft:acacia_sapling":2,"minecraft:spider_eye":2,"minecraft:bamboo":3,"minecraft:stone_pickaxe":1,"minecraft:arrow":1,"minecraft:acacia_fence":2},"minecraft:custom":{"minecraft:interact_with_smithing_table":1,"minecraft:mob_kills":39,"minecraft:inspect_hopper":3,"minecraft:interact_with_crafting_table":43,"minecraft:leave_game":13,"minecraft:time_since_death":254563,"minecraft:sprint_one_cm":505395,"minecraft:walk_one_cm":342836,"minecraft:drop":99,"minecraft:talked_to_villager":185,"minecraft:play_time":254563,"minecraft:sneak_time":65776,"minecraft:walk_under_water_one_cm":23546,"minecraft:jump":3783,"minecraft:walk_on_water_one_cm":35576,"minecraft:total_world_time":254563,"minecraft:interact_with_furnace":16,"minecraft:traded_with_villager":282,"minecraft:sleep_in_bed":23,"minecraft:time_since_rest":11091,"minecraft:damage_taken":3510,"minecraft:damage_dealt":9414,"minecraft:swim_one_cm":37329,"minecraft:fly_one_cm":628596,"minecraft:player_kills":4,"minecraft:open_chest":147,"minecraft:crouch_one_cm":206536,"minecraft:fall_one_cm":86660},"minecraft:picked_up":{"minecraft:crafting_table":4,"minecraft:iron_chestplate":1,"minecraft:wheat":2,"minecraft:smithing_table":2,"minecraft:suspicious_stew":1,"minecraft:lead":1,"minecraft:shield":1,"minecraft:cornflower":6,"minecraft:raw_copper":11,"minecraft:string":24,"minecraft:acacia_door":2,"minecraft:smooth_stone_slab":6,"minecraft:iron_leggings":1,"minecraft:iron_shovel":2,"minecraft:smooth_stone":5,"minecraft:cobbled_deepslate":41,"minecraft:bucket":1,"minecraft:spruce_planks":4,"minecraft:beef":7,"minecraft:acacia_fence_gate":1,"minecraft:poppy":6,"minecraft:iron_pickaxe":1,"minecraft:lectern":33,"minecraft:sugar_cane":141,"minecraft:chest":1,"minecraft:furnace":3,"minecraft:iron_boots":3,"minecraft:egg":1,"minecraft:dark_oak_sapling":43,"minecraft:stick":48,"minecraft:raw_iron":41,"minecraft:acacia_fence":55,"minecraft:composter":5,"minecraft:bowl":6,"minecraft:acacia_log":105,"minecraft:torch":27,"minecraft:porkchop":1,"minecraft:cookie":32,"minecraft:diorite":10,"minecraft:carrot":5,"minecraft:redstone":157,"minecraft:dark_oak_planks":12,"minecraft:orange_bed":4,"minecraft:arrow":5,"minecraft:rotten_flesh":26,"minecraft:stone_shovel":2,"minecraft:hay_block":46,"minecraft:yellow_terracotta":29,"minecraft:obsidian":1,"minecraft:cobblestone":256,"minecraft:glow_ink_sac":3,"minecraft:leather":1,"minecraft:smoker":1,"minecraft:flint":4,"minecraft:tuff":4,"minecraft:cobblestone_wall":5,"minecraft:dirt":759,"minecraft:orange_terracotta":8,"minecraft:bone":4,"minecraft:acacia_planks":72,"minecraft:apple":4,"minecraft:wheat_seeds":102,"minecraft:raw_gold":30,"minecraft:grindstone":3,"minecraft:iron_ingot":22,"minecraft:oak_planks":1,"minecraft:fletching_table":5,"minecraft:bamboo":731,"minecraft:acacia_sapling":3,"minecraft:iron_sword":3,"minecraft:dark_oak_slab":26,"minecraft:cooked_porkchop":3,"minecraft:gravel":57,"minecraft:sand":4,"minecraft:spruce_sapling":7,"minecraft:blast_furnace":2,"minecraft:white_bed":14,"minecraft:spruce_log":496,"minecraft:acacia_stairs":88,"minecraft:barrel":1,"minecraft:dark_oak_log":538,"minecraft:spider_eye":4,"minecraft:diamond":10,"minecraft:stone_axe":1,"minecraft:iron_helmet":2,"minecraft:diamond_axe":1,"minecraft:granite":23,"minecraft:spruce_button":64,"minecraft:emerald":24,"minecraft:bread":3,"minecraft:brown_banner":2,"minecraft:melon_seeds":19,"minecraft:acacia_slab":46,"minecraft:black_wool":1,"minecraft:coal":87}},"DataVersion":3120}