{"stats":{"minecraft:killed":{"minecraft:spider":11,"minecraft:skeleton":6,"minecraft:iron_golem":3,"minecraft:wandering_trader":1,"minecraft:creeper":3,"minecraft:trader_llama":1,"minecraft:zombie":22},"minecraft:mined":{"minecraft:dark_oak_planks":12,"minecraft:yellow_terracotta":23,"minecraft:tuff":5,"minecraft:white_bed":7,"minecraft:farmland":23,"minecraft:dark_oak_leaves":45,"minecraft:deepslate_diamond_ore":10,"minecraft:dark_oak_log":473,"minecraft:obsidian":1,"minecraft:red_sand":55,"minecraft:granite":25,"minecraft:acacia_log":168,"minecraft:grass_block":576,"minecraft:redstone_wire":4,"minecraft:acacia_slab":42,"minecraft:composter":5,"minecraft:acacia_pressure_plate":2,"minecraft:hay_block":46,"minecraft:tall_seagrass":1,"minecraft:redstone_ore":1,"minecraft:spruce_sapling":13,"minecraft:furnace":3,"minecraft:iron_ore":3,"minecraft:barrel":1,"minecraft:acacia_stairs":136,"minecraft:andesite":16,"minecraft:fletching_table":5,"minecraft:dirt_path":136,"minecraft:deepslate_iron_ore":30,"minecraft:bamboo_sapling":1,"minecraft:bamboo":79,"minecraft:stone":207,"minecraft:tripwire":2,"minecraft:orange_bed":3,"minecraft:smithing_table":2,"minecraft:deepslate_redstone_ore":37,"minecraft:acacia_leaves":14,"minecraft:glass_pane":8,"minecraft:smoker":1,"minecraft:orange_terracotta":8,"minecraft:clay":6,"minecraft:crafting_table":4,"minecraft:torch":8,"minecraft:blast_furnace":2,"minecraft:chest":2,"minecraft:dead_bush":1,"minecraft:lectern":37,"minecraft:copper_ore":3,"minecraft:tall_grass":6,"minecraft:cobblestone":54,"minecraft:deepslate_gold_ore":30,"minecraft:sugar_cane":72,"minecraft:grindstone":3,"minecraft:wall_torch":8,"minecraft:diorite":20,"minecraft:dark_oak_slab":30,"minecraft:cobblestone_wall":5,"minecraft:acacia_fence_gate":1,"minecraft:wheat":2,"minecraft:spruce_log":461,"minecraft:brown_wall_banner":2,"minecraft:yellow_glazed_terracotta":5,"minecraft:smooth_stone_slab":4,"minecraft:grass":371,"minecraft:coal_ore":38,"minecraft:dark_oak_sapling":5,"minecraft:acacia_fence":56,"minecraft:gravel":69,"minecraft:sand":4,"minecraft:acacia_door":4,"minecraft:dirt":268,"minecraft:stonecutter":1,"minecraft:acacia_planks":140,"minecraft:deepslate":341},"minecraft:crafted":{"minecraft:golden_carrot":21,"minecraft:stone_shovel":3,"minecraft:tripwire_hook":2,"minecraft:spruce_button":64,"minecraft:furnace":3,"minecraft:dark_oak_trapdoor":2,"minecraft:stone":3,"minecraft:lever":1,"minecraft:glass":1,"minecraft:diamond_helmet":1,"minecraft:diamond_leggings":1,"minecraft:bow":1,"minecraft:iron_axe":1,"minecraft:stone_pickaxe":2,"minecraft:chest":7,"minecraft:diamond_boots":1,"minecraft:dark_oak_planks":2148,"minecraft:chainmail_leggings":1,"minecraft:wheat":414,"minecraft:arrow":96,"minecraft:emerald":246,"minecraft:diamond_axe":1,"minecraft:crafting_table":7,"minecraft:spruce_planks":1932,"minecraft:acacia_slab":12,"minecraft:wooden_pickaxe":2,"minecraft:chainmail_chestplate":2,"minecraft:fletching_table":2,"minecraft:bucket":1,"minecraft:stone_axe":3,"minecraft:bread":216,"minecraft:air":0,"minecraft:iron_chestplate":1,"minecraft:wooden_hoe":1,"minecraft:diamond_pickaxe":1,"minecraft:shield":1,"minecraft:stick":8036,"minecraft:iron_ingot":20,"minecraft:stone_sword":2,"minecraft:iron_shovel":3,"minecraft:gold_ingot":22,"minecraft:composter":2,"minecraft:acacia_planks":288,"minecraft:torch":20,"minecraft:shears":1,"minecraft:diamond_chestplate":1},"minecraft:broken":{"minecraft:golden_helmet":1,"minecraft:iron_shovel":3,"minecraft:golden_shovel":1,"minecraft:wooden_pickaxe":1,"minecraft:stone_pickaxe":1,"minecraft:iron_axe":1,"minecraft:iron_sword":1,"minecraft:stone_shovel":1},"minecraft:used":{"minecraft:iron_shovel":920,"minecraft:stone_sword":47,"minecraft:stone_shovel":338,"minecraft:chest":8,"minecraft:iron_sword":44,"minecraft:iron_chestplate":1,"minecraft:orange_bed":3,"minecraft:torch":32,"minecraft:dirt":621,"minecraft:diamond_helmet":1,"minecraft:golden_shovel":33,"minecraft:granite":2,"minecraft:dark_oak_planks":50,"minecraft:iron_axe":244,"minecraft:dark_oak_slab":2,"minecraft:bamboo":55,"minecraft:tripwire_hook":2,"minecraft:bow":32,"minecraft:furnace":4,"minecraft:egg":1,"minecraft:dark_oak_sapling":26,"minecraft:water_bucket":38,"minecraft:stone_pickaxe":144,"minecraft:wooden_pickaxe":41,"minecraft:composter":6,"minecraft:sugar_cane":14,"minecraft:diamond_axe":1340,"minecraft:fletching_table":7,"minecraft:dark_oak_trapdoor":2,"minecraft:crafting_table":9,"minecraft:blast_furnace":2,"minecraft:white_bed":7,"minecraft:shears":3,"minecraft:wooden_hoe":52,"minecraft:lever":1,"minecraft:diamond_pickaxe":739,"minecraft:dark_oak_log":1,"minecraft:string":14,"minecraft:spruce_sapling":4,"minecraft:bread":100,"minecraft:suspicious_stew":1,"minecraft:lectern":37,"minecraft:gravel":63,"minecraft:stone_axe":162,"minecraft:cobblestone":269,"minecraft:grindstone":3,"minecraft:smithing_table":2,"minecraft:bucket":39},"minecraft:dropped":{"minecraft:iron_ingot":1,"minecraft:bread":86,"minecraft:iron_sword":2,"minecraft:porkchop":1,"minecraft:wheat_seeds":35,"minecraft:diamond_axe":1,"minecraft:glow_ink_sac":2,"minecraft:cobblestone":1,"minecraft:yellow_terracotta":7,"minecraft:iron_helmet":2,"minecraft:cookie":16,"minecraft:leather":22,"minecraft:apple":1,"minecraft:spruce_button":128,"minecraft:coal":1,"minecraft:emerald":31,"minecraft:stick":6,"minecraft:dirt":179,"minecraft:dark_oak_log":1,"minecraft:torch":2,"minecraft:iron_leggings":1,"minecraft:sand":2,"minecraft:iron_pickaxe":1,"minecraft:smooth_stone":5,"minecraft:chainmail_leggings":1,"minecraft:iron_shovel":1,"minecraft:spruce_sapling":3,"minecraft:stone_axe":4,"minecraft:stone_sword":1,"minecraft:cobbled_deepslate":2,"minecraft:bowl":1,"minecraft:tuff":4,"minecraft:wheat":1,"minecraft:stone_shovel":1,"minecraft:rotten_flesh":9,"minecraft:iron_boots":2,"minecraft:white_bed":2,"minecraft:acacia_stairs":1,"minecraft:carrot":5,"minecraft:poppy":5,"minecraft:shield":1,"minecraft:spruce_planks":4,"minecraft:iron_chestplate":2,"minecraft:melon_seeds":19,"minecraft:acacia_sapling":2,"minecraft:spider_eye":2,"minecraft:bamboo":3,"minecraft:arrow":1,"minecraft:stone_pickaxe":1,"minecraft:acacia_fence":2},"minecraft:custom":{"minecraft:interact_with_smithing_table":1,"minecraft:mob_kills":47,"minecraft:inspect_hopper":3,"minecraft:interact_with_crafting_table":46,"minecraft:leave_game":14,"minecraft:time_since_death":290363,"minecraft:sprint_one_cm":603150,"minecraft:walk_one_cm":378611,"minecraft:drop":103,"minecraft:talked_to_villager":192,"minecraft:play_time":290363,"minecraft:sneak_time":80252,"minecraft:walk_under_water_one_cm":23972,"minecraft:jump":4206,"minecraft:walk_on_water_one_cm":37613,"minecraft:total_world_time":290363,"minecraft:interact_with_furnace":18,"minecraft:traded_with_villager":283,"minecraft:sleep_in_bed":24,"minecraft:time_since_rest":33139,"minecraft:damage_taken":3773,"minecraft:damage_dealt":10633,"minecraft:swim_one_cm":38333,"minecraft:fly_one_cm":712007,"minecraft:player_kills":4,"minecraft:open_chest":166,"minecraft:crouch_one_cm":263523,"minecraft:fall_one_cm":92555},"minecraft:picked_up":{"minecraft:iron_chestplate":1,"minecraft:crafting_table":4,"minecraft:wheat":2,"minecraft:clay_ball":24,"minecraft:flower_pot":1,"minecraft:suspicious_stew":1,"minecraft:lead":1,"minecraft:smithing_table":2,"minecraft:acacia_pressure_plate":2,"minecraft:shield":1,"minecraft:cornflower":6,"minecraft:string":26,"minecraft:raw_copper":11,"minecraft:acacia_door":4,"minecraft:smooth_stone_slab":6,"minecraft:iron_leggings":1,"minecraft:iron_shovel":2,"minecraft:red_sand":53,"minecraft:smooth_stone":5,"minecraft:cobbled_deepslate":361,"minecraft:bucket":1,"minecraft:spruce_planks":4,"minecraft:beef":7,"minecraft:acacia_fence_gate":1,"minecraft:poppy":6,"minecraft:iron_pickaxe":1,"minecraft:lectern":38,"minecraft:sugar_cane":141,"minecraft:chest":2,"minecraft:furnace":3,"minecraft:iron_boots":3,"minecraft:egg":1,"minecraft:dark_oak_sapling":46,"minecraft:raw_iron":41,"minecraft:stick":55,"minecraft:acacia_fence":57,"minecraft:composter":5,"minecraft:torch":29,"minecraft:bowl":6,"minecraft:acacia_log":165,"minecraft:porkchop":1,"minecraft:cookie":32,"minecraft:diorite":21,"minecraft:carrot":5,"minecraft:redstone":157,"minecraft:dark_oak_planks":13,"minecraft:orange_bed":4,"minecraft:arrow":10,"minecraft:stone_shovel":2,"minecraft:rotten_flesh":27,"minecraft:hay_block":46,"minecraft:yellow_terracotta":29,"minecraft:obsidian":1,"minecraft:cobblestone":290,"minecraft:glow_ink_sac":3,"minecraft:andesite":16,"minecraft:leather":1,"minecraft:smoker":1,"minecraft:flint":4,"minecraft:tuff":6,"minecraft:yellow_glazed_terracotta":5,"minecraft:cobblestone_wall":5,"minecraft:gunpowder":1,"minecraft:dirt":1292,"minecraft:orange_terracotta":8,"minecraft:bone":7,"minecraft:acacia_planks":134,"minecraft:apple":4,"minecraft:stonecutter":1,"minecraft:wheat_seeds":147,"minecraft:raw_gold":30,"minecraft:grindstone":3,"minecraft:iron_ingot":22,"minecraft:fletching_table":5,"minecraft:bamboo":731,"minecraft:oak_planks":1,"minecraft:iron_sword":3,"minecraft:acacia_sapling":8,"minecraft:dark_oak_slab":26,"minecraft:cooked_porkchop":3,"minecraft:gravel":57,"minecraft:sand":4,"minecraft:spruce_sapling":20,"minecraft:blast_furnace":2,"minecraft:white_bed":14,"minecraft:spruce_log":496,"minecraft:acacia_stairs":128,"minecraft:dark_oak_log":539,"minecraft:spider_eye":4,"minecraft:barrel":1,"minecraft:diamond":10,"minecraft:stone_axe":1,"minecraft:iron_helmet":2,"minecraft:granite":25,"minecraft:diamond_axe":1,"minecraft:spruce_button":64,"minecraft:emerald":24,"minecraft:bread":3,"minecraft:acacia_slab":46,"minecraft:melon_seeds":19,"minecraft:brown_banner":2,"minecraft:black_wool":1,"minecraft:coal":87}},"DataVersion":3120}