{"stats":{"minecraft:picked_up":{"minecraft:chiseled_deepslate":5,"minecraft:iron_chestplate":1,"minecraft:wheat":6,"minecraft:flower_pot":1,"minecraft:suspicious_stew":1,"minecraft:smithing_table":2,"minecraft:lead":1,"minecraft:acacia_pressure_plate":2,"minecraft:string":26,"minecraft:raw_copper":11,"minecraft:smooth_stone_slab":6,"minecraft:iron_leggings":1,"minecraft:deepslate_tiles":7,"minecraft:red_sand":384,"minecraft:cobbled_deepslate":361,"minecraft:smooth_stone":5,"minecraft:bucket":1,"minecraft:spruce_planks":4,"minecraft:acacia_fence_gate":1,"minecraft:iron_pickaxe":1,"minecraft:furnace":3,"minecraft:iron_boots":3,"minecraft:stick":80,"minecraft:acacia_fence":57,"minecraft:composter":5,"minecraft:acacia_log":165,"minecraft:torch":29,"minecraft:spruce_stairs":2,"minecraft:porkchop":1,"minecraft:diorite":21,"minecraft:orange_bed":4,"minecraft:rotten_flesh":28,"minecraft:obsidian":1,"minecraft:cobblestone":293,"minecraft:andesite":16,"minecraft:smoker":1,"minecraft:flint":4,"minecraft:tuff":6,"minecraft:dirt":1364,"minecraft:bone":22,"minecraft:acacia_planks":134,"minecraft:stonecutter":1,"minecraft:wheat_seeds":155,"minecraft:raw_gold":30,"minecraft:grindstone":3,"minecraft:glowstone_dust":35,"minecraft:fletching_table":5,"minecraft:bamboo":731,"minecraft:oak_planks":1,"minecraft:cooked_porkchop":3,"minecraft:sand":4,"minecraft:acacia_stairs":129,"minecraft:dark_oak_log":541,"minecraft:barrel":1,"minecraft:diamond":10,"minecraft:granite":25,"minecraft:bread":3,"minecraft:spruce_button":64,"minecraft:emerald":24,"minecraft:netherrack":99,"minecraft:crafting_table":6,"minecraft:clay_ball":24,"minecraft:shield":1,"minecraft:cornflower":6,"minecraft:acacia_door":4,"minecraft:iron_shovel":2,"minecraft:beef":7,"minecraft:poppy":6,"minecraft:lectern":39,"minecraft:sugar_cane":141,"minecraft:chest":2,"minecraft:egg":1,"minecraft:dark_oak_sapling":46,"minecraft:raw_iron":41,"minecraft:bowl":6,"minecraft:cookie":32,"minecraft:carrot":288,"minecraft:redstone":157,"minecraft:dark_oak_planks":13,"minecraft:arrow":10,"minecraft:stone_shovel":2,"minecraft:hay_block":46,"minecraft:yellow_terracotta":29,"minecraft:white_wool":9,"minecraft:bone_block":10,"minecraft:glow_ink_sac":3,"minecraft:leather":1,"minecraft:yellow_glazed_terracotta":5,"minecraft:gunpowder":1,"minecraft:cobblestone_wall":5,"minecraft:orange_terracotta":8,"minecraft:apple":4,"minecraft:iron_ingot":22,"minecraft:soul_sand":1,"minecraft:acacia_sapling":8,"minecraft:iron_sword":3,"minecraft:scaffolding":60,"minecraft:dark_oak_slab":26,"minecraft:quartz":12,"minecraft:gravel":57,"minecraft:spruce_sapling":21,"minecraft:blast_furnace":2,"minecraft:white_bed":14,"minecraft:spruce_log":496,"minecraft:spider_eye":4,"minecraft:stone_axe":1,"minecraft:iron_helmet":2,"minecraft:diamond_axe":1,"minecraft:black_wool":1,"minecraft:brown_banner":2,"minecraft:acacia_slab":46,"minecraft:melon_seeds":19,"minecraft:coal":87},"minecraft:broken":{"minecraft:golden_helmet":1,"minecraft:iron_shovel":5,"minecraft:golden_shovel":1,"minecraft:stone_pickaxe":1,"minecraft:iron_sword":1,"minecraft:stone_shovel":1,"minecraft:stone_hoe":1,"minecraft:wooden_pickaxe":1,"minecraft:iron_axe":1},"minecraft:crafted":{"minecraft:stone":3,"minecraft:lever":2,"minecraft:glass":384,"minecraft:bow":1,"minecraft:diamond_helmet":1,"minecraft:diamond_leggings":1,"minecraft:chest":7,"minecraft:stone_hoe":2,"minecraft:redstone_lamp":1,"minecraft:arrow":96,"minecraft:emerald":246,"minecraft:diamond_axe":1,"minecraft:crafting_table":7,"minecraft:spruce_planks":1984,"minecraft:acacia_slab":54,"minecraft:wooden_pickaxe":2,"minecraft:chainmail_chestplate":2,"minecraft:fletching_table":2,"minecraft:spruce_trapdoor":12,"minecraft:wooden_hoe":1,"minecraft:iron_chestplate":1,"minecraft:diamond_pickaxe":1,"minecraft:shield":1,"minecraft:stick":8052,"minecraft:iron_ingot":20,"minecraft:stone_sword":2,"minecraft:gold_ingot":22,"minecraft:redstone_torch":7,"minecraft:composter":8,"minecraft:shears":1,"minecraft:golden_carrot":21,"minecraft:stone_shovel":3,"minecraft:tripwire_hook":2,"minecraft:spruce_button":64,"minecraft:furnace":9,"minecraft:piston":3,"minecraft:dark_oak_trapdoor":2,"minecraft:bone_meal":135,"minecraft:spruce_stairs":4,"minecraft:iron_axe":1,"minecraft:stone_pickaxe":2,"minecraft:diamond_boots":1,"minecraft:dark_oak_planks":2156,"minecraft:chainmail_leggings":1,"minecraft:wheat":414,"minecraft:bucket":1,"minecraft:stone_axe":3,"minecraft:glowstone":1,"minecraft:white_stained_glass":384,"minecraft:bread":216,"minecraft:air":0,"minecraft:white_dye":48,"minecraft:iron_shovel":5,"minecraft:stonecutter":1,"minecraft:white_bed":4,"minecraft:acacia_planks":368,"minecraft:torch":20,"minecraft:diamond_chestplate":1},"minecraft:killed":{"minecraft:spider":11,"minecraft:skeleton":10,"minecraft:iron_golem":3,"minecraft:creeper":3,"minecraft:trader_llama":1,"minecraft:zombie":23,"minecraft:drowned":1,"minecraft:wandering_trader":1},"minecraft:custom":{"minecraft:animals_bred":2,"minecraft:interact_with_crafting_table":67,"minecraft:leave_game":19,"minecraft:time_since_death":385721,"minecraft:sprint_one_cm":773404,"minecraft:drop":120,"minecraft:talked_to_villager":193,"minecraft:play_time":385721,"minecraft:jump":5607,"minecraft:walk_on_water_one_cm":44976,"minecraft:interact_with_furnace":46,"minecraft:traded_with_villager":283,"minecraft:sleep_in_bed":27,"minecraft:damage_dealt":11383,"minecraft:player_kills":4,"minecraft:crouch_one_cm":377583,"minecraft:interact_with_smithing_table":1,"minecraft:mob_kills":53,"minecraft:inspect_hopper":3,"minecraft:climb_one_cm":1581,"minecraft:walk_one_cm":475247,"minecraft:sneak_time":110884,"minecraft:walk_under_water_one_cm":25690,"minecraft:total_world_time":385721,"minecraft:interact_with_stonecutter":2,"minecraft:time_since_rest":3947,"minecraft:damage_taken":4437,"minecraft:swim_one_cm":46916,"minecraft:fly_one_cm":1002817,"minecraft:open_chest":293,"minecraft:fall_one_cm":127257},"minecraft:mined":{"minecraft:dark_oak_planks":12,"minecraft:white_bed":7,"minecraft:farmland":23,"minecraft:obsidian":1,"minecraft:granite":25,"minecraft:acacia_log":168,"minecraft:red_sand":386,"minecraft:grass_block":604,"minecraft:composter":5,"minecraft:acacia_pressure_plate":2,"minecraft:tall_seagrass":1,"minecraft:glowstone":13,"minecraft:iron_ore":3,"minecraft:barrel":1,"minecraft:fletching_table":5,"minecraft:dirt_path":136,"minecraft:tripwire":2,"minecraft:orange_bed":3,"minecraft:deepslate_redstone_ore":37,"minecraft:smoker":1,"minecraft:soul_fire":3,"minecraft:orange_terracotta":8,"minecraft:clay":6,"minecraft:torch":8,"minecraft:blast_furnace":2,"minecraft:chest":2,"minecraft:dead_bush":8,"minecraft:nether_quartz_ore":12,"minecraft:cobblestone":55,"minecraft:grindstone":3,"minecraft:sugar_cane":72,"minecraft:wall_torch":8,"minecraft:dark_oak_slab":30,"minecraft:wheat":6,"minecraft:brown_wall_banner":2,"minecraft:yellow_glazed_terracotta":5,"minecraft:smooth_stone_slab":4,"minecraft:grass":385,"minecraft:dark_oak_sapling":5,"minecraft:acacia_fence":56,"minecraft:sand":4,"minecraft:dirt":312,"minecraft:stonecutter":1,"minecraft:netherrack":100,"minecraft:deepslate":341,"minecraft:yellow_terracotta":23,"minecraft:deepslate_tiles":9,"minecraft:tuff":5,"minecraft:dark_oak_leaves":45,"minecraft:deepslate_diamond_ore":10,"minecraft:dark_oak_log":475,"minecraft:white_stained_glass":23,"minecraft:redstone_wire":4,"minecraft:acacia_slab":42,"minecraft:hay_block":46,"minecraft:redstone_ore":1,"minecraft:spruce_sapling":13,"minecraft:furnace":3,"minecraft:carrots":43,"minecraft:acacia_stairs":136,"minecraft:andesite":16,"minecraft:chiseled_deepslate":7,"minecraft:deepslate_iron_ore":30,"minecraft:bamboo_sapling":1,"minecraft:bamboo":79,"minecraft:stone":212,"minecraft:bone_block":10,"minecraft:smithing_table":2,"minecraft:acacia_leaves":14,"minecraft:glass_pane":8,"minecraft:soul_sand":1,"minecraft:crafting_table":6,"minecraft:lectern":37,"minecraft:tall_grass":9,"minecraft:copper_ore":3,"minecraft:deepslate_gold_ore":30,"minecraft:diorite":20,"minecraft:spruce_stairs":1,"minecraft:cobblestone_wall":5,"minecraft:acacia_fence_gate":1,"minecraft:spruce_log":461,"minecraft:coal_ore":38,"minecraft:gravel":69,"minecraft:acacia_door":4,"minecraft:acacia_planks":140},"minecraft:used":{"minecraft:iron_shovel":1325,"minecraft:chiseled_deepslate":58,"minecraft:chest":8,"minecraft:iron_sword":44,"minecraft:iron_chestplate":1,"minecraft:carrot":206,"minecraft:dark_oak_slab":2,"minecraft:redstone_lamp":1,"minecraft:bow":61,"minecraft:scaffolding":9,"minecraft:furnace":10,"minecraft:egg":1,"minecraft:dark_oak_sapling":26,"minecraft:stone_pickaxe":144,"minecraft:wooden_pickaxe":41,"minecraft:composter":12,"minecraft:diamond_axe":1356,"minecraft:sugar_cane":14,"minecraft:dark_oak_trapdoor":2,"minecraft:blast_furnace":2,"minecraft:shears":3,"minecraft:deepslate_tiles":194,"minecraft:lever":1,"minecraft:dark_oak_log":1,"minecraft:bread":123,"minecraft:string":14,"minecraft:lectern":37,"minecraft:gravel":63,"minecraft:grindstone":3,"minecraft:smithing_table":2,"minecraft:white_stained_glass":376,"minecraft:bone_meal":87,"minecraft:stone_sword":47,"minecraft:stone_shovel":338,"minecraft:stone_hoe":240,"minecraft:netherrack":91,"minecraft:orange_bed":3,"minecraft:torch":38,"minecraft:dirt":885,"minecraft:spruce_stairs":4,"minecraft:diamond_helmet":1,"minecraft:golden_shovel":33,"minecraft:granite":2,"minecraft:dark_oak_planks":50,"minecraft:iron_axe":244,"minecraft:bamboo":55,"minecraft:tripwire_hook":2,"minecraft:water_bucket":49,"minecraft:fletching_table":7,"minecraft:stonecutter":1,"minecraft:crafting_table":11,"minecraft:white_bed":14,"minecraft:wooden_hoe":52,"minecraft:diamond_pickaxe":907,"minecraft:suspicious_stew":1,"minecraft:spruce_sapling":4,"minecraft:stone_axe":162,"minecraft:cobblestone":282,"minecraft:bucket":50},"minecraft:dropped":{"minecraft:iron_sword":2,"minecraft:porkchop":1,"minecraft:diamond_axe":1,"minecraft:glow_ink_sac":2,"minecraft:cookie":16,"minecraft:leather":22,"minecraft:emerald":31,"minecraft:dirt":179,"minecraft:dark_oak_log":1,"minecraft:sand":2,"minecraft:iron_pickaxe":1,"minecraft:white_wool":6,"minecraft:stone_axe":4,"minecraft:cobbled_deepslate":2,"minecraft:wheat":1,"minecraft:rotten_flesh":10,"minecraft:white_bed":2,"minecraft:acacia_stairs":2,"minecraft:carrot":82,"minecraft:poppy":5,"minecraft:melon_seeds":19,"minecraft:acacia_sapling":2,"minecraft:arrow":1,"minecraft:acacia_fence":2,"minecraft:lectern":2,"minecraft:iron_ingot":1,"minecraft:bread":86,"minecraft:wheat_seeds":36,"minecraft:cobblestone":1,"minecraft:yellow_terracotta":7,"minecraft:iron_helmet":2,"minecraft:apple":1,"minecraft:spruce_button":128,"minecraft:spruce_stairs":1,"minecraft:coal":1,"minecraft:stick":12,"minecraft:torch":2,"minecraft:iron_leggings":1,"minecraft:smooth_stone":5,"minecraft:chainmail_leggings":1,"minecraft:iron_shovel":1,"minecraft:spruce_sapling":4,"minecraft:stone_sword":1,"minecraft:bowl":1,"minecraft:tuff":4,"minecraft:stone_shovel":1,"minecraft:iron_boots":2,"minecraft:shield":1,"minecraft:spruce_planks":4,"minecraft:iron_chestplate":2,"minecraft:spider_eye":2,"minecraft:bamboo":3,"minecraft:stone_pickaxe":1}},"DataVersion":3120}