{"stats":{"minecraft:killed":{"minecraft:spider":4,"minecraft:zombie":5},"minecraft:mined":{"minecraft:dark_oak_planks":8,"minecraft:yellow_terracotta":12,"minecraft:farmland":23,"minecraft:dark_oak_leaves":45,"minecraft:dark_oak_log":473,"minecraft:acacia_log":30,"minecraft:grass_block":213,"minecraft:acacia_slab":36,"minecraft:acacia_pressure_plate":1,"minecraft:hay_block":46,"minecraft:tall_seagrass":1,"minecraft:barrel":1,"minecraft:acacia_stairs":34,"minecraft:fletching_table":1,"minecraft:dirt_path":70,"minecraft:bamboo_sapling":1,"minecraft:bamboo":79,"minecraft:stone":120,"minecraft:tripwire":2,"minecraft:glass_pane":1,"minecraft:crafting_table":1,"minecraft:torch":2,"minecraft:tall_grass":1,"minecraft:cobblestone":9,"minecraft:sugar_cane":3,"minecraft:dark_oak_slab":2,"minecraft:acacia_fence_gate":1,"minecraft:wheat":2,"minecraft:spruce_log":97,"minecraft:grass":122,"minecraft:coal_ore":4,"minecraft:dark_oak_sapling":2,"minecraft:acacia_fence":28,"minecraft:gravel":14,"minecraft:acacia_door":1,"minecraft:sand":2,"minecraft:dirt":123,"minecraft:acacia_planks":27},"minecraft:crafted":{"minecraft:stone_shovel":3,"minecraft:tripwire_hook":2,"minecraft:spruce_button":64,"minecraft:furnace":2,"minecraft:dark_oak_trapdoor":2,"minecraft:stone":3,"minecraft:lever":1,"minecraft:diamond_helmet":1,"minecraft:diamond_leggings":1,"minecraft:iron_axe":1,"minecraft:stone_pickaxe":2,"minecraft:dark_oak_planks":2148,"minecraft:chainmail_leggings":1,"minecraft:wheat":414,"minecraft:emerald":134,"minecraft:diamond_axe":1,"minecraft:crafting_table":4,"minecraft:spruce_planks":388,"minecraft:wooden_pickaxe":2,"minecraft:chainmail_chestplate":2,"minecraft:fletching_table":1,"minecraft:stone_axe":3,"minecraft:bread":138,"minecraft:air":0,"minecraft:iron_chestplate":1,"minecraft:wooden_hoe":1,"minecraft:diamond_pickaxe":1,"minecraft:stick":4444,"minecraft:iron_ingot":4,"minecraft:stone_sword":2,"minecraft:acacia_planks":16,"minecraft:torch":4,"minecraft:shears":1},"minecraft:broken":{"minecraft:golden_helmet":1,"minecraft:iron_shovel":1,"minecraft:golden_shovel":1,"minecraft:wooden_pickaxe":1,"minecraft:stone_pickaxe":1,"minecraft:iron_axe":1,"minecraft:iron_sword":1,"minecraft:stone_shovel":1},"minecraft:used":{"minecraft:stone_sword":46,"minecraft:iron_shovel":187,"minecraft:stone_shovel":271,"minecraft:iron_sword":44,"minecraft:iron_chestplate":1,"minecraft:torch":8,"minecraft:dirt":97,"minecraft:diamond_helmet":1,"minecraft:golden_shovel":33,"minecraft:dark_oak_planks":50,"minecraft:iron_axe":244,"minecraft:dark_oak_slab":2,"minecraft:bamboo":55,"minecraft:tripwire_hook":2,"minecraft:furnace":1,"minecraft:egg":1,"minecraft:dark_oak_sapling":26,"minecraft:water_bucket":2,"minecraft:stone_pickaxe":144,"minecraft:wooden_pickaxe":41,"minecraft:sugar_cane":6,"minecraft:diamond_axe":379,"minecraft:fletching_table":2,"minecraft:dark_oak_trapdoor":2,"minecraft:crafting_table":5,"minecraft:shears":3,"minecraft:wooden_hoe":52,"minecraft:lever":1,"minecraft:dark_oak_log":1,"minecraft:bread":52,"minecraft:string":14,"minecraft:spruce_sapling":4,"minecraft:gravel":9,"minecraft:stone_axe":162,"minecraft:cobblestone":97,"minecraft:bucket":2},"minecraft:dropped":{"minecraft:iron_ingot":1,"minecraft:bread":42,"minecraft:iron_sword":2,"minecraft:porkchop":1,"minecraft:wheat_seeds":34,"minecraft:yellow_terracotta":7,"minecraft:iron_helmet":2,"minecraft:cobblestone":1,"minecraft:apple":1,"minecraft:spruce_button":128,"minecraft:coal":1,"minecraft:dirt":179,"minecraft:iron_leggings":1,"minecraft:sand":2,"minecraft:iron_pickaxe":1,"minecraft:iron_shovel":1,"minecraft:chainmail_leggings":1,"minecraft:stone_axe":4,"minecraft:stone_sword":1,"minecraft:wheat":1,"minecraft:stone_shovel":1,"minecraft:rotten_flesh":7,"minecraft:white_bed":2,"minecraft:acacia_stairs":1,"minecraft:carrot":5,"minecraft:shield":1,"minecraft:iron_chestplate":1,"minecraft:melon_seeds":19,"minecraft:acacia_sapling":2,"minecraft:bamboo":3,"minecraft:stone_pickaxe":1,"minecraft:arrow":1,"minecraft:acacia_fence":2},"minecraft:custom":{"minecraft:mob_kills":9,"minecraft:inspect_hopper":3,"minecraft:interact_with_crafting_table":32,"minecraft:leave_game":13,"minecraft:time_since_death":140563,"minecraft:sprint_one_cm":310787,"minecraft:walk_one_cm":199838,"minecraft:drop":70,"minecraft:talked_to_villager":53,"minecraft:play_time":140563,"minecraft:sneak_time":33837,"minecraft:walk_under_water_one_cm":4150,"minecraft:jump":2047,"minecraft:walk_on_water_one_cm":19367,"minecraft:total_world_time":140563,"minecraft:interact_with_furnace":8,"minecraft:traded_with_villager":141,"minecraft:sleep_in_bed":17,"minecraft:time_since_rest":1153,"minecraft:damage_taken":1909,"minecraft:damage_dealt":3091,"minecraft:swim_one_cm":28572,"minecraft:fly_one_cm":392423,"minecraft:player_kills":4,"minecraft:open_chest":72,"minecraft:crouch_one_cm":107988,"minecraft:fall_one_cm":42913},"minecraft:picked_up":{"minecraft:crafting_table":1,"minecraft:iron_chestplate":1,"minecraft:wheat":2,"minecraft:shield":1,"minecraft:cornflower":6,"minecraft:string":20,"minecraft:acacia_door":1,"minecraft:iron_leggings":1,"minecraft:iron_shovel":2,"minecraft:bucket":1,"minecraft:beef":7,"minecraft:acacia_fence_gate":1,"minecraft:iron_pickaxe":1,"minecraft:sugar_cane":6,"minecraft:egg":1,"minecraft:dark_oak_sapling":43,"minecraft:stick":39,"minecraft:raw_iron":2,"minecraft:acacia_fence":29,"minecraft:acacia_log":29,"minecraft:torch":4,"minecraft:porkchop":1,"minecraft:carrot":5,"minecraft:dark_oak_planks":8,"minecraft:orange_bed":1,"minecraft:rotten_flesh":9,"minecraft:stone_shovel":2,"minecraft:hay_block":46,"minecraft:yellow_terracotta":18,"minecraft:cobblestone":130,"minecraft:flint":1,"minecraft:dirt":618,"minecraft:acacia_planks":26,"minecraft:apple":4,"minecraft:wheat_seeds":45,"minecraft:iron_ingot":13,"minecraft:fletching_table":1,"minecraft:bamboo":731,"minecraft:acacia_sapling":3,"minecraft:iron_sword":3,"minecraft:dark_oak_slab":2,"minecraft:gravel":11,"minecraft:sand":2,"minecraft:spruce_sapling":4,"minecraft:white_bed":7,"minecraft:spruce_log":97,"minecraft:acacia_stairs":27,"minecraft:barrel":1,"minecraft:dark_oak_log":538,"minecraft:spider_eye":1,"minecraft:stone_axe":1,"minecraft:iron_helmet":2,"minecraft:spruce_button":64,"minecraft:bread":3,"minecraft:melon_seeds":19,"minecraft:acacia_slab":40,"minecraft:black_wool":1,"minecraft:coal":4}},"DataVersion":3120}