{
  "minecraft:adventure/adventuring_time": {
    "criteria": {
      "minecraft:sunflower_plains": "2024-09-05 14:09:35 +0000",
      "minecraft:birch_forest": "2024-09-05 14:05:28 +0000",
      "minecraft:dark_forest": "2024-09-05 14:05:20 +0000",
      "minecraft:grove": "2024-09-05 14:04:26 +0000",
      "minecraft:jagged_peaks": "2024-09-05 14:04:02 +0000",
      "minecraft:forest": "2024-09-05 14:05:50 +0000",
      "minecraft:lush_caves": "2024-09-05 14:04:38 +0000",
      "minecraft:old_growth_birch_forest": "2024-09-05 14:08:52 +0000",
      "minecraft:meadow": "2024-09-05 14:05:26 +0000",
      "minecraft:plains": "2024-09-05 14:09:10 +0000"
    },
    "done": false
  },
  "DataVersion": 3120
}